-- Adminer 4.8.1 MySQL 5.5.5-10.11.6-MariaDB-0+deb12u1 dump

SET NAMES utf8;
SET time_zone = '+00:00';
SET foreign_key_checks = 0;
SET sql_mode = 'NO_AUTO_VALUE_ON_ZERO';

DELIMITER ;;

DROP PROCEDURE IF EXISTS `getAccesosDenegados`;;
CREATE DEFINER=`zapaterouser`@`%` PROCEDURE `getAccesosDenegados`()
BEGIN
	SELECT u.id FROM Uso u JOIN Equipo e ON u.EQUIPO_NUMSERIE = e.NUMSERIE WHERE u.estado = 1;
END;;

DROP PROCEDURE IF EXISTS `getAccesosDenegadosByDates`;;
CREATE DEFINER=`zapaterouser`@`%` PROCEDURE `getAccesosDenegadosByDates`(IN `desde` date, IN `hasta` date)
BEGIN
	SELECT u.id FROM Uso u JOIN Equipo e ON u.EQUIPO_NUMSERIE = e.NUMSERIE WHERE u.estado = 1 AND u.fechaUso >= desde AND u.fechaUso <= hasta;
END;;

DELIMITER ;

DROP TABLE IF EXISTS `Acceso`;
CREATE TABLE `Acceso` (
  `ID` int(11) NOT NULL,
  `FECHAENTRADA` datetime NOT NULL,
  `TRABAJADOR_ID` int(11) NOT NULL,
  PRIMARY KEY (`ID`),
  KEY `FK_Acceso_TRABAJADOR_ID` (`TRABAJADOR_ID`),
  CONSTRAINT `FK_Acceso_TRABAJADOR_ID` FOREIGN KEY (`TRABAJADOR_ID`) REFERENCES `Trabajador` (`ID`)
) ENGINE=InnoDB DEFAULT CHARSET=utf8mb3 COLLATE=utf8mb3_general_ci;

INSERT INTO `Acceso` (`ID`, `FECHAENTRADA`, `TRABAJADOR_ID`) VALUES
(7,	'2016-11-09 10:31:40',	1),
(8,	'2016-11-09 10:31:40',	1),
(9,	'2016-11-09 10:31:40',	1),
(10,	'2016-11-09 10:31:40',	6),
(11,	'2016-11-09 10:31:40',	2),
(12,	'2016-11-09 10:31:40',	2),
(13,	'2016-11-09 10:31:40',	3),
(14,	'2016-11-09 10:31:40',	3),
(15,	'2016-11-09 10:31:40',	3),
(16,	'2016-11-09 10:31:40',	6),
(17,	'2016-11-09 10:31:40',	4),
(18,	'2016-11-09 10:31:40',	1),
(19,	'2016-11-09 10:31:40',	1);

DROP TABLE IF EXISTS `Aviso`;
CREATE TABLE `Aviso` (
  `ID` int(11) NOT NULL,
  `EQUIPO_NUMSERIE` varchar(255) DEFAULT NULL,
  `USUARIO_EMAIL` varchar(255) DEFAULT NULL,
  PRIMARY KEY (`ID`),
  UNIQUE KEY `UNQ_Aviso_0` (`USUARIO_EMAIL`,`EQUIPO_NUMSERIE`),
  KEY `FK_Aviso_EQUIPO_NUMSERIE` (`EQUIPO_NUMSERIE`),
  CONSTRAINT `FK_Aviso_EQUIPO_NUMSERIE` FOREIGN KEY (`EQUIPO_NUMSERIE`) REFERENCES `Equipo` (`NUMSERIE`),
  CONSTRAINT `FK_Aviso_USUARIO_EMAIL` FOREIGN KEY (`USUARIO_EMAIL`) REFERENCES `User` (`EMAIL`)
) ENGINE=InnoDB DEFAULT CHARSET=utf8mb3 COLLATE=utf8mb3_general_ci;

INSERT INTO `Aviso` (`ID`, `EQUIPO_NUMSERIE`, `USUARIO_EMAIL`) VALUES
(35,	'2342ewdfw',	'isa@gmail.com'),
(34,	'asd1324',	'isa@gmail.com'),
(38,	'2342ewdfw',	'jose@mail.com'),
(37,	'788845',	'jose@mail.com'),
(36,	'asd1324',	'mario@mail.com'),
(12,	'1210',	'prevencion@gmail.com');

DROP TABLE IF EXISTS `Comentario`;
CREATE TABLE `Comentario` (
  `ID` int(11) NOT NULL,
  `COMENTARIO` varchar(255) NOT NULL,
  `FECHA` datetime NOT NULL,
  `USUARIO_EMAIL` varchar(255) NOT NULL,
  PRIMARY KEY (`ID`),
  KEY `FK_Comentario_USUARIO_EMAIL` (`USUARIO_EMAIL`),
  CONSTRAINT `FK_Comentario_USUARIO_EMAIL` FOREIGN KEY (`USUARIO_EMAIL`) REFERENCES `User` (`EMAIL`)
) ENGINE=InnoDB DEFAULT CHARSET=utf8mb3 COLLATE=utf8mb3_general_ci;

INSERT INTO `Comentario` (`ID`, `COMENTARIO`, `FECHA`, `USUARIO_EMAIL`) VALUES
(1,	'prueba comentario produccion',	'2017-03-21 11:30:00',	'produccion@gmail.com'),
(2,	'prueba comentario',	'2017-03-23 16:29:00',	'isa@gmail.com'),
(3,	'segundo comentario',	'2017-03-23 16:29:00',	'produccion@gmail.com');

DROP TABLE IF EXISTS `Equipo`;
CREATE TABLE `Equipo` (
  `NUMSERIE` varchar(255) NOT NULL,
  `ACTIVO` tinyint(1) DEFAULT 0,
  `ALIAS` varchar(255) NOT NULL,
  `PERIODOUSO` double DEFAULT NULL,
  `REPARACION` tinyint(1) DEFAULT 0,
  `TIPO` varchar(255) DEFAULT NULL,
  PRIMARY KEY (`NUMSERIE`),
  UNIQUE KEY `NUMSERIE` (`NUMSERIE`),
  UNIQUE KEY `ALIAS` (`ALIAS`)
) ENGINE=InnoDB DEFAULT CHARSET=utf8mb3 COLLATE=utf8mb3_general_ci;

INSERT INTO `Equipo` (`NUMSERIE`, `ACTIVO`, `ALIAS`, `PERIODOUSO`, `REPARACION`, `TIPO`) VALUES
('1210',	1,	'COSECHADORA R14',	10,	0,	'CONTROL_EQUIPOS_MOTOR'),
('1220',	1,	'DESPALETIZADOR',	20,	0,	'CONTROL_EQUIPOS'),
('1230',	0,	'SALA AMONIACO',	50,	1,	'CONTROL_ACCESOS'),
('1234589XX',	0,	'Maquina de corte',	10,	0,	'CONTROL_EQUIPOS_MOTOR'),
('12edasdas',	0,	'Refrigerador',	20,	1,	'CONTROL_EQUIPOS'),
('2342ewdfw',	0,	'Localizador GPS',	100,	0,	'CONTROL_LUGARES'),
('4454323sd',	1,	'Acceso de la entrada',	100,	0,	'CONTROL_ACCESOS'),
('5556033JJ',	0,	'Máquina taladrar',	10,	0,	'CONTROL_EQUIPOS_MOTOR'),
('788845',	0,	'Taladradora',	30,	1,	'CONTROL_EQUIPOS'),
('asd1324',	0,	'Segadora',	30,	0,	'CONTROL_EQUIPOS_MOTOR'),
('rr544mmj',	1,	'Tractor',	20,	0,	'CONTROL_EQUIPOS');

DROP TABLE IF EXISTS `Incidencia`;
CREATE TABLE `Incidencia` (
  `ID` int(11) NOT NULL AUTO_INCREMENT,
  `FECHAINCIDENCIA` datetime DEFAULT NULL,
  `TIEMPOINCIDENCIA` double DEFAULT NULL,
  `TIPO_INCIDENCIA_ID` int(11) DEFAULT NULL,
  `TRABAJADOR_ID` int(11) DEFAULT NULL,
  PRIMARY KEY (`ID`),
  KEY `FK_Incidencia_TIPO_INCIDENCIA_ID` (`TIPO_INCIDENCIA_ID`),
  KEY `FK_Incidencia_TRABAJADOR_ID` (`TRABAJADOR_ID`),
  CONSTRAINT `FK_Incidencia_TIPO_INCIDENCIA_ID` FOREIGN KEY (`TIPO_INCIDENCIA_ID`) REFERENCES `TipoIncidencia` (`ID`),
  CONSTRAINT `FK_Incidencia_TRABAJADOR_ID` FOREIGN KEY (`TRABAJADOR_ID`) REFERENCES `Trabajador` (`ID`)
) ENGINE=InnoDB DEFAULT CHARSET=utf8mb3 COLLATE=utf8mb3_general_ci;

INSERT INTO `Incidencia` (`ID`, `FECHAINCIDENCIA`, `TIEMPOINCIDENCIA`, `TIPO_INCIDENCIA_ID`, `TRABAJADOR_ID`) VALUES
(13,	'2017-07-12 00:00:00',	30,	6,	103),
(14,	'2017-01-26 00:00:00',	10,	6,	103),
(15,	'2017-07-10 00:00:00',	13,	6,	103),
(16,	'2017-01-27 00:00:00',	14,	6,	103),
(17,	'2017-01-30 00:00:00',	3,	6,	103),
(18,	'2017-02-03 00:00:00',	25,	6,	103),
(19,	'2017-02-07 00:00:00',	30.3,	6,	103),
(20,	'2017-02-07 00:00:00',	10.5,	6,	103),
(21,	'2017-03-06 00:00:00',	3.3,	6,	103),
(22,	'2017-03-06 00:00:00',	10,	6,	103),
(23,	'2017-03-06 00:00:00',	30,	6,	103),
(24,	'2017-03-06 00:00:00',	13,	7,	103),
(25,	'2017-03-06 00:00:00',	3,	7,	103),
(26,	'2017-03-06 00:00:00',	7,	7,	103),
(27,	'2017-03-06 00:00:00',	1,	8,	103),
(28,	'2017-03-06 00:00:00',	4,	10,	103),
(29,	'2017-03-06 00:00:00',	10,	9,	103),
(30,	'2017-03-06 00:00:00',	30,	9,	103),
(31,	'2017-03-22 09:20:00',	15,	7,	1),
(32,	'2017-03-22 09:20:00',	30,	9,	1),
(33,	'2017-03-23 16:29:00',	15,	1,	1),
(34,	'2017-03-23 16:29:00',	30,	1,	1),
(35,	'2017-03-24 10:29:00',	15,	1,	3),
(36,	'2017-07-10 10:29:00',	30,	1,	3),
(37,	'2017-03-24 10:29:00',	15,	7,	3),
(38,	'2017-03-24 10:29:00',	30,	1,	3),
(39,	'2017-03-24 10:29:00',	15,	7,	3),
(40,	'2017-03-24 10:29:00',	30,	9,	3),
(41,	'2017-03-24 10:29:00',	15,	7,	3),
(42,	'2017-03-24 10:29:00',	30,	9,	3),
(43,	'2017-10-02 08:10:00',	1.3,	1,	1),
(44,	'2017-10-02 08:10:00',	2.1,	1,	1),
(45,	'2017-10-02 10:10:00',	30,	1,	1),
(46,	'2017-10-02 10:10:00',	2.1,	1,	1),
(47,	'2017-10-02 10:10:00',	30,	1,	1),
(48,	'2017-10-02 10:10:00',	2.1,	1,	1),
(49,	'2017-10-02 10:10:00',	30,	1,	1),
(50,	'2017-10-02 10:10:00',	2.1,	1,	1),
(51,	'2017-10-02 10:10:00',	30,	1,	1),
(52,	'2017-10-02 10:10:00',	2.1,	1,	1),
(53,	'2017-10-02 10:10:00',	30,	1,	1),
(54,	'2017-10-02 10:10:00',	2.1,	1,	1),
(55,	'2017-07-10 10:10:00',	30,	6,	1),
(56,	'2017-07-10 10:10:00',	2.1,	6,	1),
(57,	'2017-07-11 10:10:00',	30,	6,	1),
(58,	'2017-07-11 10:10:00',	2.1,	6,	1),
(59,	'2017-07-10 10:10:00',	30,	1,	1),
(60,	'2017-07-10 10:10:00',	2.1,	1,	1),
(61,	'2017-10-02 10:10:00',	30,	1,	1),
(62,	'2017-10-02 10:10:00',	2.1,	1,	1),
(63,	'2017-10-02 10:10:00',	30,	1,	1),
(64,	'2017-10-02 10:10:00',	2.1,	1,	1),
(65,	'2017-10-02 10:10:00',	30,	1,	1),
(66,	'2017-10-02 10:10:00',	2.1,	1,	1),
(67,	'2017-07-08 10:10:00',	30,	1,	1),
(68,	'2017-07-08 10:10:00',	2.1,	1,	1),
(69,	'2017-07-08 10:10:00',	30,	6,	1),
(70,	'2017-07-08 10:10:00',	2.1,	6,	1),
(71,	'2017-07-18 00:00:00',	NULL,	7,	103),
(72,	'2017-07-18 00:00:00',	NULL,	6,	103),
(73,	'2017-07-19 08:00:00',	30,	1,	7),
(74,	'2017-07-19 08:00:00',	30,	1,	7),
(75,	'2017-07-21 10:30:00',	20,	6,	103),
(76,	'2017-07-24 13:20:00',	20,	6,	103),
(77,	'2017-07-25 10:20:00',	5,	6,	103),
(78,	'2017-07-26 10:17:00',	5,	6,	103),
(79,	'2017-07-28 10:10:00',	30,	11,	1),
(80,	'2017-07-28 10:10:00',	2.1,	11,	1),
(81,	'2017-07-28 10:10:00',	30,	11,	1),
(82,	'2017-07-28 10:10:00',	2.1,	11,	1),
(83,	'2017-07-28 10:10:00',	30,	11,	1),
(84,	'2017-07-28 10:10:00',	2.1,	11,	1),
(85,	'2017-07-28 10:10:00',	30,	11,	1),
(86,	'2017-07-28 10:10:00',	2.1,	11,	1),
(87,	'2017-07-28 10:10:00',	30,	11,	1),
(88,	'2017-07-28 10:10:00',	2.1,	11,	1),
(89,	'2017-07-28 10:10:00',	30,	11,	1),
(90,	'2017-07-28 10:10:00',	2.1,	11,	1),
(91,	'2017-07-31 10:10:00',	30,	11,	1),
(92,	'2017-07-31 10:10:00',	2.1,	11,	1),
(93,	'2017-07-31 08:10:00',	30,	11,	1),
(94,	'2017-07-31 08:10:00',	2.1,	11,	1),
(95,	'2017-07-31 08:10:00',	30,	11,	1),
(96,	'2017-07-31 08:10:00',	2.1,	11,	1),
(97,	'2017-08-07 10:10:00',	20,	7,	103),
(98,	'2017-08-07 10:10:00',	10,	8,	103),
(99,	'2017-08-07 10:10:00',	30,	9,	103),
(100,	'2017-08-07 10:10:00',	20,	7,	103),
(101,	'2017-08-07 10:10:00',	10,	8,	103),
(102,	'2017-08-07 10:10:00',	30,	9,	103),
(103,	'2017-08-07 10:10:00',	20,	7,	103),
(104,	'2017-08-07 10:10:00',	10,	8,	103),
(105,	'2017-08-07 10:10:00',	30,	9,	103),
(106,	'2017-08-07 10:10:00',	20,	7,	103),
(107,	'2017-08-07 10:10:00',	10,	8,	103),
(108,	'2017-08-07 10:10:00',	30,	9,	103),
(109,	'2017-08-07 10:10:00',	20,	7,	103),
(110,	'2017-08-07 10:10:00',	10,	8,	103),
(111,	'2017-08-07 10:10:00',	30,	9,	103),
(112,	'2017-08-07 10:10:00',	20,	7,	103),
(113,	'2017-08-07 10:10:00',	10,	8,	103),
(114,	'2017-08-07 10:10:00',	30,	9,	103),
(115,	'2017-08-07 10:10:00',	20,	7,	103),
(116,	'2017-08-07 10:10:00',	10,	8,	103),
(117,	'2017-08-07 10:10:00',	30,	9,	103),
(118,	'2017-08-07 10:10:00',	20,	7,	103),
(119,	'2017-08-07 10:10:00',	10,	8,	103),
(120,	'2017-08-07 10:10:00',	30,	9,	103),
(121,	'2017-08-07 10:10:00',	20,	7,	103),
(122,	'2017-08-07 10:10:00',	10,	8,	103),
(123,	'2017-08-07 10:10:00',	30,	9,	103),
(124,	'2017-08-07 11:00:00',	20,	7,	103),
(125,	'2017-08-07 11:00:00',	20,	6,	103),
(126,	'2017-08-07 11:00:00',	10,	8,	103),
(127,	'2017-08-07 11:00:00',	30,	9,	103),
(128,	'2017-08-07 11:00:00',	20,	7,	103),
(129,	'2017-08-07 11:00:00',	20,	6,	103),
(130,	'2017-08-07 11:00:00',	10,	8,	103),
(131,	'2017-08-07 11:00:00',	30,	9,	103),
(132,	'2017-08-07 11:00:00',	20,	7,	103),
(133,	'2017-08-07 11:00:00',	20,	6,	103),
(134,	'2017-08-07 11:00:00',	10,	8,	103),
(135,	'2017-08-07 11:00:00',	30,	9,	103),
(136,	'2017-08-07 11:00:00',	20,	7,	103),
(137,	'2017-08-07 11:00:00',	20,	6,	103),
(138,	'2017-08-07 11:00:00',	10,	8,	103),
(139,	'2017-08-07 11:00:00',	30,	9,	103),
(140,	'2017-08-07 11:00:00',	20,	7,	103),
(141,	'2017-08-07 11:00:00',	20,	6,	103),
(142,	'2017-08-07 11:00:00',	10,	8,	103),
(143,	'2017-08-07 11:00:00',	30,	9,	103),
(144,	'2017-08-07 11:00:00',	20,	7,	103),
(145,	'2017-08-07 11:00:00',	20,	6,	103),
(146,	'2017-08-07 11:00:00',	10,	8,	103),
(147,	'2017-08-07 11:00:00',	30,	9,	103),
(148,	'2017-08-07 11:05:00',	10,	6,	103),
(149,	'2017-08-07 11:05:00',	20,	7,	103),
(150,	'2017-08-07 11:05:00',	20,	6,	103),
(151,	'2017-08-07 11:05:00',	10,	8,	103),
(152,	'2017-08-07 11:05:00',	30,	9,	103),
(153,	'2017-08-07 11:05:00',	10,	6,	103),
(154,	'2017-08-07 11:05:00',	20,	7,	103),
(155,	'2017-08-07 11:05:00',	20,	6,	103),
(156,	'2017-08-07 11:05:00',	10,	8,	103),
(157,	'2017-08-07 11:05:00',	30,	9,	103),
(158,	'2017-08-07 11:05:00',	10,	6,	103),
(159,	'2017-08-07 11:05:00',	20,	7,	103),
(160,	'2017-08-07 11:05:00',	20,	6,	103),
(161,	'2017-08-07 11:05:00',	10,	8,	103),
(162,	'2017-08-07 11:05:00',	30,	9,	103),
(163,	'2017-08-07 11:05:00',	10,	6,	103),
(164,	'2017-08-07 11:05:00',	20,	7,	103),
(165,	'2017-08-07 11:05:00',	20,	6,	103),
(166,	'2017-08-07 11:05:00',	10,	8,	103),
(167,	'2017-08-07 11:05:00',	10,	8,	103),
(168,	'2017-08-07 11:05:00',	30,	9,	103),
(169,	'2017-08-07 11:05:00',	10,	6,	103),
(170,	'2017-08-07 11:05:00',	20,	7,	103),
(171,	'2017-08-07 11:05:00',	20,	6,	103),
(172,	'2017-08-07 11:05:00',	10,	8,	103),
(173,	'2017-08-07 11:05:00',	10,	8,	103),
(174,	'2017-08-07 11:05:00',	30,	9,	103),
(175,	'2017-08-07 11:05:00',	10,	6,	103),
(176,	'2017-08-07 11:05:00',	20,	7,	103),
(177,	'2017-08-07 11:05:00',	20,	6,	103),
(178,	'2017-08-07 11:05:00',	10,	8,	103),
(179,	'2017-08-07 11:05:00',	10,	8,	103),
(180,	'2017-08-07 11:05:00',	30,	9,	103),
(181,	'2017-08-07 11:05:00',	10,	6,	103),
(182,	'2017-08-07 11:05:00',	20,	7,	103),
(183,	'2017-08-07 11:05:00',	20,	6,	103),
(184,	'2017-08-07 11:05:00',	10,	8,	103),
(185,	'2017-08-07 11:05:00',	10,	8,	103),
(186,	'2017-08-07 11:05:00',	30,	9,	103),
(187,	'2017-08-07 11:05:00',	10,	6,	103),
(188,	'2017-08-07 11:05:00',	20,	7,	103),
(189,	'2017-08-07 11:05:00',	20,	6,	103),
(190,	'2017-08-07 11:05:00',	10,	8,	103),
(191,	'2017-08-07 11:05:00',	10,	8,	103),
(192,	'2017-08-07 11:05:00',	30,	9,	103),
(193,	'2017-08-07 11:05:00',	10,	6,	103),
(194,	'2017-08-07 11:05:00',	20,	7,	103),
(195,	'2017-08-07 11:05:00',	20,	6,	103),
(196,	'2017-08-07 11:05:00',	10,	8,	103),
(197,	'2017-08-07 11:05:00',	10,	8,	103),
(198,	'2017-08-07 11:05:00',	30,	9,	103),
(199,	'2017-08-07 11:05:00',	10,	6,	103),
(200,	'2017-08-07 11:05:00',	20,	7,	103),
(201,	'2017-08-07 11:05:00',	20,	6,	103),
(202,	'2017-08-07 11:05:00',	10,	8,	103),
(203,	'2017-08-07 11:05:00',	10,	8,	103),
(204,	'2017-08-07 11:05:00',	30,	9,	103),
(205,	'2017-08-07 11:05:00',	10,	6,	103),
(206,	'2017-08-07 11:05:00',	20,	7,	103),
(207,	'2017-08-07 11:05:00',	20,	6,	103),
(208,	'2017-08-07 11:05:00',	10,	8,	103),
(209,	'2017-08-07 11:05:00',	10,	8,	103),
(210,	'2017-08-07 11:05:00',	30,	9,	103),
(211,	'2017-08-07 11:05:00',	10,	6,	103),
(212,	'2017-08-07 11:05:00',	20,	7,	103),
(213,	'2017-08-07 11:05:00',	20,	6,	103),
(214,	'2017-08-07 11:05:00',	10,	8,	103),
(215,	'2017-08-07 11:05:00',	10,	8,	103),
(216,	'2017-08-07 11:05:00',	30,	9,	103),
(217,	'2017-08-07 11:05:00',	10,	6,	103),
(218,	'2017-08-07 11:05:00',	20,	7,	103),
(219,	'2017-08-07 11:05:00',	20,	6,	103),
(220,	'2017-08-07 11:05:00',	10,	8,	103),
(221,	'2017-08-07 11:05:00',	10,	8,	103),
(222,	'2017-08-07 11:05:00',	30,	9,	103),
(223,	'2017-08-07 11:05:00',	10,	6,	103),
(224,	'2017-08-07 11:05:00',	20,	7,	103),
(225,	'2017-08-07 11:05:00',	20,	6,	103),
(226,	'2017-08-07 11:05:00',	10,	8,	103),
(227,	'2017-08-07 11:05:00',	10,	8,	103),
(228,	'2017-08-07 11:05:00',	30,	9,	103),
(229,	'2017-08-07 11:05:00',	10,	6,	103),
(230,	'2017-08-07 11:05:00',	20,	7,	103),
(231,	'2017-08-07 11:05:00',	20,	6,	103),
(232,	'2017-08-07 11:05:00',	10,	8,	103),
(233,	'2017-08-07 11:05:00',	10,	8,	103),
(234,	'2017-08-07 11:05:00',	30,	9,	103),
(235,	'2017-08-07 11:05:00',	10,	6,	103),
(236,	'2017-08-07 11:05:00',	20,	7,	103),
(237,	'2017-08-07 11:05:00',	20,	6,	103),
(238,	'2017-08-07 11:05:00',	10,	8,	103),
(239,	'2017-08-07 11:05:00',	10,	8,	103),
(240,	'2017-08-07 11:05:00',	30,	9,	103),
(241,	'2017-08-07 11:05:00',	10,	6,	103),
(242,	'2017-08-07 11:05:00',	20,	7,	103),
(243,	'2017-08-07 11:05:00',	20,	6,	103),
(244,	'2017-08-07 11:05:00',	10,	8,	103),
(245,	'2017-08-07 11:05:00',	10,	8,	103),
(246,	'2017-08-07 11:05:00',	30,	9,	103),
(247,	'2017-08-07 11:05:00',	10,	6,	103),
(248,	'2017-08-07 11:05:00',	20,	7,	103),
(249,	'2017-08-07 11:05:00',	20,	6,	103),
(250,	'2017-08-07 11:05:00',	10,	8,	103),
(251,	'2017-08-07 11:05:00',	10,	8,	103),
(252,	'2017-08-07 11:05:00',	30,	9,	103),
(253,	'2017-08-07 11:05:00',	10,	6,	103),
(254,	'2017-08-07 11:05:00',	20,	7,	103),
(255,	'2017-08-07 11:05:00',	20,	6,	103),
(256,	'2017-08-07 11:05:00',	10,	8,	103),
(257,	'2017-08-07 11:05:00',	10,	8,	103),
(258,	'2017-08-07 11:05:00',	30,	9,	103),
(259,	'2017-08-07 11:05:00',	10,	6,	103),
(260,	'2017-08-07 11:05:00',	20,	7,	103),
(261,	'2017-08-07 11:05:00',	20,	6,	103),
(262,	'2017-08-07 11:05:00',	10,	8,	103),
(263,	'2017-08-07 11:05:00',	10,	8,	103),
(264,	'2017-08-07 11:05:00',	30,	9,	103),
(265,	'2017-08-07 11:05:00',	10,	6,	103),
(266,	'2017-08-07 11:05:00',	20,	7,	103),
(267,	'2017-08-07 11:05:00',	20,	6,	103),
(268,	'2017-08-07 11:05:00',	10,	8,	103),
(269,	'2017-08-07 11:05:00',	10,	8,	103),
(270,	'2017-08-07 11:05:00',	30,	9,	103),
(271,	'2017-08-07 11:05:00',	10,	6,	103),
(272,	'2017-08-07 11:05:00',	20,	7,	103),
(273,	'2017-08-07 11:05:00',	20,	6,	103),
(274,	'2017-08-07 11:05:00',	10,	8,	103),
(275,	'2017-08-07 11:05:00',	10,	8,	103),
(276,	'2017-08-07 11:05:00',	30,	9,	103),
(277,	'2017-08-07 11:05:00',	10,	6,	103),
(278,	'2017-08-07 11:05:00',	20,	7,	103),
(279,	'2017-08-07 11:05:00',	20,	6,	103),
(280,	'2017-08-07 11:05:00',	10,	8,	103),
(281,	'2017-08-07 11:05:00',	10,	8,	103),
(282,	'2017-08-07 11:05:00',	30,	9,	103),
(283,	'2017-08-07 11:05:00',	10,	6,	103),
(284,	'2017-08-07 11:05:00',	20,	7,	103),
(285,	'2017-08-07 11:05:00',	20,	6,	103),
(286,	'2017-08-07 11:05:00',	10,	8,	103),
(287,	'2017-08-07 11:05:00',	10,	8,	103),
(288,	'2017-08-07 11:05:00',	30,	9,	103),
(289,	'2017-08-07 11:05:00',	10,	6,	103),
(290,	'2017-08-07 11:05:00',	20,	7,	103),
(291,	'2017-08-07 11:05:00',	20,	6,	103),
(292,	'2017-08-07 11:05:00',	10,	8,	103),
(293,	'2017-08-07 11:05:00',	10,	8,	103),
(294,	'2017-08-07 11:05:00',	30,	9,	103),
(295,	'2017-08-07 11:05:00',	10,	6,	103),
(296,	'2017-08-07 11:05:00',	20,	7,	103),
(297,	'2017-08-07 11:05:00',	20,	6,	103),
(298,	'2017-08-07 11:05:00',	10,	8,	103),
(299,	'2017-08-07 11:05:00',	10,	8,	103),
(300,	'2017-08-07 11:05:00',	30,	9,	103),
(301,	'2017-08-07 11:05:00',	10,	6,	103),
(302,	'2017-08-07 11:05:00',	20,	7,	103),
(303,	'2017-08-07 11:05:00',	20,	6,	103),
(304,	'2017-08-07 11:05:00',	10,	8,	103),
(305,	'2017-08-07 11:05:00',	10,	8,	103),
(306,	'2017-08-07 11:05:00',	30,	9,	103),
(307,	'2017-08-07 11:05:00',	10,	6,	103),
(308,	'2017-08-07 11:05:00',	20,	7,	103),
(309,	'2017-08-07 11:05:00',	20,	6,	103),
(310,	'2017-08-07 11:05:00',	10,	8,	103),
(311,	'2017-08-07 11:05:00',	10,	8,	103),
(312,	'2017-08-07 11:05:00',	30,	9,	103),
(313,	'2017-08-07 11:05:00',	10,	6,	103),
(314,	'2017-08-07 11:05:00',	20,	7,	103),
(315,	'2017-08-07 11:05:00',	20,	6,	103),
(316,	'2017-08-07 11:05:00',	10,	8,	103),
(317,	'2017-08-07 11:05:00',	10,	8,	103),
(318,	'2017-08-07 11:05:00',	30,	9,	103),
(319,	'2017-08-07 11:05:00',	10,	6,	103),
(320,	'2017-08-07 11:05:00',	20,	7,	103),
(321,	'2017-08-07 11:05:00',	20,	6,	103),
(322,	'2017-08-07 11:05:00',	10,	8,	103),
(323,	'2017-08-07 11:05:00',	10,	8,	103),
(324,	'2017-08-07 11:05:00',	30,	9,	103),
(325,	'2017-08-07 11:05:00',	10,	6,	103),
(326,	'2017-08-07 11:05:00',	20,	7,	103),
(327,	'2017-08-07 11:05:00',	20,	6,	103),
(328,	'2017-08-07 11:05:00',	10,	8,	103),
(329,	'2017-08-07 11:05:00',	10,	8,	103),
(330,	'2017-08-07 11:05:00',	30,	9,	103),
(331,	'2017-08-07 11:05:00',	10,	6,	103),
(332,	'2017-08-07 11:05:00',	20,	7,	103),
(333,	'2017-08-07 11:05:00',	20,	6,	103),
(334,	'2017-08-07 11:05:00',	10,	8,	103),
(335,	'2017-08-07 11:05:00',	10,	8,	103),
(336,	'2017-08-07 11:05:00',	30,	9,	103),
(337,	'2017-08-07 11:05:00',	10,	6,	103),
(338,	'2017-08-07 11:05:00',	20,	7,	103),
(339,	'2017-08-07 11:05:00',	20,	6,	103),
(340,	'2017-08-07 11:05:00',	10,	8,	103),
(341,	'2017-08-07 11:05:00',	10,	8,	103),
(342,	'2017-08-07 11:05:00',	30,	9,	103),
(343,	'2017-08-07 11:05:00',	10,	6,	103),
(344,	'2017-08-07 11:05:00',	20,	7,	103),
(345,	'2017-08-07 11:05:00',	20,	6,	103),
(346,	'2017-08-07 11:05:00',	10,	8,	103),
(347,	'2017-08-07 11:05:00',	10,	8,	103),
(348,	'2017-08-07 11:05:00',	30,	9,	103),
(349,	'2017-08-07 11:05:00',	10,	6,	103),
(350,	'2017-08-07 11:05:00',	20,	7,	103),
(351,	'2017-08-07 11:05:00',	20,	6,	103),
(352,	'2017-08-07 11:05:00',	10,	8,	103),
(353,	'2017-08-07 11:05:00',	10,	8,	103),
(354,	'2017-08-07 11:05:00',	30,	9,	103),
(355,	'2017-08-07 11:05:00',	10,	6,	103),
(356,	'2017-08-07 11:05:00',	20,	7,	103),
(357,	'2017-08-07 11:05:00',	20,	6,	103),
(358,	'2017-08-07 11:05:00',	10,	8,	103),
(359,	'2017-08-07 11:05:00',	10,	8,	103),
(360,	'2017-08-07 11:05:00',	30,	9,	103),
(361,	'2017-08-07 00:05:00',	10,	6,	103),
(362,	'2017-08-07 00:05:00',	20,	7,	103),
(363,	'2017-08-07 00:05:00',	20,	6,	103),
(364,	'2017-08-07 00:05:00',	10,	8,	103),
(365,	'2017-08-07 00:05:00',	10,	8,	103),
(366,	'2017-08-07 00:05:00',	30,	9,	103),
(367,	'2017-08-07 00:05:00',	10,	6,	103),
(368,	'2017-08-07 00:05:00',	20,	7,	103),
(369,	'2017-08-07 00:05:00',	20,	6,	103),
(370,	'2017-08-07 00:05:00',	10,	8,	103),
(371,	'2017-08-07 00:05:00',	10,	8,	103),
(372,	'2017-08-07 00:05:00',	30,	9,	103),
(373,	'2017-08-07 00:05:00',	10,	6,	103),
(374,	'2017-08-07 00:05:00',	20,	7,	103),
(375,	'2017-08-07 00:05:00',	20,	6,	103),
(376,	'2017-08-07 00:05:00',	10,	8,	103),
(377,	'2017-08-07 00:05:00',	10,	8,	103),
(378,	'2017-08-07 00:05:00',	30,	9,	103),
(379,	'2017-08-07 00:05:00',	10,	6,	103),
(380,	'2017-08-07 00:05:00',	20,	7,	103),
(381,	'2017-08-07 00:05:00',	20,	6,	103),
(382,	'2017-08-07 00:05:00',	10,	8,	103),
(383,	'2017-08-07 00:05:00',	10,	8,	103),
(384,	'2017-08-07 00:05:00',	30,	9,	103),
(385,	'2017-08-07 00:05:00',	10,	6,	103),
(386,	'2017-08-07 00:05:00',	20,	7,	103),
(387,	'2017-08-07 00:05:00',	20,	6,	103),
(388,	'2017-08-07 00:05:00',	10,	8,	103),
(389,	'2017-08-07 00:05:00',	10,	8,	103),
(390,	'2017-08-07 00:05:00',	30,	9,	103),
(391,	'2017-08-07 00:05:00',	10,	6,	103),
(392,	'2017-08-07 00:05:00',	20,	7,	103),
(393,	'2017-08-07 00:05:00',	20,	6,	103),
(394,	'2017-08-07 00:05:00',	10,	8,	103),
(395,	'2017-08-07 00:05:00',	10,	8,	103),
(396,	'2017-08-07 00:05:00',	30,	9,	103),
(397,	'2017-08-07 00:05:00',	10,	6,	103),
(398,	'2017-08-07 00:05:00',	20,	7,	103),
(399,	'2017-08-07 00:05:00',	20,	6,	103),
(400,	'2017-08-07 00:05:00',	10,	8,	103),
(401,	'2017-08-07 00:05:00',	10,	8,	103),
(402,	'2017-08-07 00:05:00',	30,	9,	103),
(403,	'2017-08-07 00:05:00',	10,	6,	103),
(404,	'2017-08-07 00:05:00',	20,	7,	103),
(405,	'2017-08-07 00:05:00',	20,	6,	103),
(406,	'2017-08-07 00:05:00',	10,	8,	103),
(407,	'2017-08-07 00:05:00',	10,	8,	103),
(408,	'2017-08-07 00:05:00',	30,	9,	103),
(409,	'2017-08-07 00:05:00',	10,	6,	103),
(410,	'2017-08-07 00:05:00',	20,	7,	103),
(411,	'2017-08-07 00:05:00',	20,	6,	103),
(412,	'2017-08-07 00:05:00',	10,	8,	103),
(413,	'2017-08-07 00:05:00',	10,	8,	103),
(414,	'2017-08-07 00:05:00',	30,	9,	103),
(415,	'2017-08-07 00:05:00',	10,	6,	103),
(416,	'2017-08-07 00:05:00',	20,	7,	103),
(417,	'2017-08-07 00:05:00',	20,	6,	103),
(418,	'2017-08-07 00:05:00',	10,	8,	103),
(419,	'2017-08-07 00:05:00',	10,	8,	103),
(420,	'2017-08-07 00:05:00',	30,	9,	103),
(421,	'2017-08-07 00:05:00',	10,	6,	103),
(422,	'2017-08-07 00:05:00',	20,	7,	103),
(423,	'2017-08-07 00:05:00',	20,	6,	103),
(424,	'2017-08-07 00:05:00',	10,	8,	103),
(425,	'2017-08-07 00:05:00',	10,	8,	103),
(426,	'2017-08-07 00:05:00',	30,	9,	103),
(427,	'2017-08-07 00:05:00',	10,	6,	103),
(428,	'2017-08-07 00:05:00',	20,	7,	103),
(429,	'2017-08-07 00:05:00',	20,	6,	103),
(430,	'2017-08-07 00:05:00',	10,	8,	103),
(431,	'2017-08-07 00:05:00',	10,	8,	103),
(432,	'2017-08-07 00:05:00',	30,	9,	103),
(433,	'2017-08-07 00:05:00',	10,	6,	103),
(434,	'2017-08-07 00:05:00',	20,	7,	103),
(435,	'2017-08-07 00:05:00',	20,	6,	103),
(436,	'2017-08-07 00:05:00',	10,	8,	103),
(437,	'2017-08-07 00:05:00',	10,	8,	103),
(438,	'2017-08-07 00:05:00',	30,	9,	103),
(439,	'2017-08-07 00:05:00',	10,	6,	103),
(440,	'2017-08-07 00:05:00',	20,	7,	103),
(441,	'2017-08-07 00:05:00',	20,	6,	103),
(442,	'2017-08-07 00:05:00',	10,	8,	103),
(443,	'2017-08-07 00:05:00',	10,	8,	103),
(444,	'2017-08-07 00:05:00',	30,	9,	103),
(445,	'2017-08-07 00:05:00',	10,	6,	103),
(446,	'2017-08-07 00:05:00',	20,	7,	103),
(447,	'2017-08-07 00:05:00',	20,	6,	103),
(448,	'2017-08-07 00:05:00',	10,	8,	103),
(449,	'2017-08-07 00:05:00',	10,	8,	103),
(450,	'2017-08-07 00:05:00',	30,	9,	103),
(451,	'2017-08-07 00:05:00',	10,	6,	103),
(452,	'2017-08-07 00:05:00',	20,	7,	103),
(453,	'2017-08-07 00:05:00',	20,	6,	103),
(454,	'2017-08-07 00:05:00',	10,	8,	103),
(455,	'2017-08-07 00:05:00',	10,	8,	103),
(456,	'2017-08-07 00:05:00',	30,	9,	103),
(457,	'2017-08-07 00:05:00',	10,	6,	103),
(458,	'2017-08-07 00:05:00',	20,	7,	103),
(459,	'2017-08-07 00:05:00',	20,	6,	103),
(460,	'2017-08-07 00:05:00',	10,	8,	103),
(461,	'2017-08-07 00:05:00',	10,	8,	103),
(462,	'2017-08-07 00:05:00',	30,	9,	103),
(463,	'2017-08-07 00:05:00',	10,	6,	103),
(464,	'2017-08-07 00:05:00',	20,	7,	103),
(465,	'2017-08-07 00:05:00',	20,	6,	103),
(466,	'2017-08-07 00:05:00',	10,	8,	103),
(467,	'2017-08-07 00:05:00',	10,	8,	103),
(468,	'2017-08-07 00:05:00',	30,	9,	103),
(469,	'2017-08-07 00:05:00',	10,	6,	103),
(470,	'2017-08-07 00:05:00',	20,	7,	103),
(471,	'2017-08-07 00:05:00',	20,	6,	103),
(472,	'2017-08-07 00:05:00',	10,	8,	103),
(473,	'2017-08-07 00:05:00',	10,	8,	103),
(474,	'2017-08-07 00:05:00',	30,	9,	103),
(475,	'2017-08-07 00:05:00',	10,	6,	103),
(476,	'2017-08-07 00:05:00',	20,	7,	103),
(477,	'2017-08-07 00:05:00',	20,	6,	103),
(478,	'2017-08-07 00:05:00',	10,	8,	103),
(479,	'2017-08-07 00:05:00',	10,	8,	103),
(480,	'2017-08-07 00:05:00',	30,	9,	103),
(481,	'2017-08-07 00:05:00',	10,	6,	103),
(482,	'2017-08-07 00:05:00',	20,	7,	103),
(483,	'2017-08-07 00:05:00',	20,	6,	103),
(484,	'2017-08-07 00:05:00',	10,	8,	103),
(485,	'2017-08-07 00:05:00',	10,	8,	103),
(486,	'2017-08-07 00:05:00',	30,	9,	103),
(487,	'2017-08-07 00:05:00',	10,	6,	103),
(488,	'2017-08-07 00:05:00',	20,	7,	103),
(489,	'2017-08-07 00:05:00',	20,	6,	103),
(490,	'2017-08-07 00:05:00',	10,	8,	103),
(491,	'2017-08-07 00:05:00',	10,	8,	103),
(492,	'2017-08-07 00:05:00',	10,	8,	103),
(493,	'2017-08-07 00:05:00',	30,	9,	103),
(494,	'2017-08-07 00:05:00',	10,	6,	103),
(495,	'2017-08-07 00:05:00',	20,	7,	103),
(496,	'2017-08-07 00:05:00',	20,	6,	103),
(497,	'2017-08-07 00:05:00',	10,	8,	103),
(498,	'2017-08-07 00:05:00',	10,	8,	103),
(499,	'2017-08-07 00:05:00',	10,	8,	103),
(500,	'2017-08-07 00:05:00',	30,	9,	103),
(501,	'2017-08-07 00:05:00',	10,	6,	103),
(502,	'2017-08-07 00:05:00',	20,	7,	103),
(503,	'2017-08-07 00:05:00',	20,	6,	103),
(504,	'2017-08-07 00:05:00',	10,	8,	103),
(505,	'2017-08-07 00:05:00',	10,	8,	103),
(506,	'2017-08-07 00:05:00',	10,	8,	103),
(507,	'2017-08-07 00:05:00',	30,	9,	103),
(508,	'2017-08-07 00:05:00',	10,	6,	103),
(509,	'2017-08-07 00:05:00',	20,	7,	103),
(510,	'2017-08-07 00:05:00',	20,	6,	103),
(511,	'2017-08-07 00:05:00',	10,	8,	103),
(512,	'2017-08-07 00:05:00',	10,	8,	103),
(513,	'2017-08-07 00:05:00',	10,	8,	103),
(514,	'2017-08-07 00:05:00',	30,	9,	103),
(515,	'2017-08-07 00:05:00',	10,	6,	103),
(516,	'2017-08-07 00:05:00',	20,	7,	103),
(517,	'2017-08-07 00:05:00',	20,	6,	103),
(518,	'2017-08-07 00:05:00',	10,	8,	103),
(519,	'2017-08-07 00:05:00',	10,	8,	103),
(520,	'2017-08-07 00:05:00',	10,	8,	103),
(521,	'2017-08-07 00:05:00',	30,	9,	103),
(522,	'2017-08-07 00:05:00',	10,	6,	103),
(523,	'2017-08-07 00:05:00',	20,	7,	103),
(524,	'2017-08-07 00:05:00',	20,	6,	103),
(525,	'2017-08-07 00:05:00',	10,	8,	103),
(526,	'2017-08-07 00:05:00',	10,	8,	103),
(527,	'2017-08-07 00:05:00',	10,	8,	103),
(528,	'2017-08-07 00:05:00',	30,	9,	103),
(529,	'2017-08-07 00:05:00',	10,	6,	103),
(530,	'2017-08-07 00:05:00',	20,	7,	103),
(531,	'2017-08-07 00:05:00',	20,	6,	103),
(532,	'2017-08-07 00:05:00',	10,	8,	103),
(533,	'2017-08-07 00:05:00',	10,	8,	103),
(534,	'2017-08-07 00:05:00',	10,	8,	103),
(535,	'2017-08-07 00:05:00',	30,	9,	103),
(536,	'2017-08-07 00:05:00',	10,	6,	103),
(537,	'2017-08-07 00:05:00',	20,	7,	103),
(538,	'2017-08-07 00:05:00',	20,	6,	103),
(539,	'2017-08-07 00:05:00',	10,	8,	103),
(540,	'2017-08-07 00:05:00',	10,	8,	103),
(541,	'2017-08-07 00:05:00',	10,	8,	103),
(542,	'2017-08-07 00:05:00',	30,	9,	103),
(543,	'2017-08-07 00:05:00',	30,	9,	103),
(544,	'2017-08-07 00:05:00',	10,	6,	103),
(545,	'2017-08-07 00:05:00',	20,	7,	103),
(546,	'2017-08-07 00:05:00',	20,	6,	103),
(547,	'2017-08-07 00:05:00',	10,	8,	103),
(548,	'2017-08-07 00:05:00',	10,	8,	103),
(549,	'2017-08-07 00:05:00',	10,	8,	103),
(550,	'2017-08-07 00:05:00',	30,	9,	103),
(551,	'2017-08-07 00:05:00',	30,	9,	103),
(552,	'2017-08-07 00:05:00',	10,	6,	103),
(553,	'2017-08-07 00:05:00',	20,	7,	103),
(554,	'2017-08-07 00:05:00',	20,	6,	103),
(555,	'2017-08-07 00:05:00',	10,	8,	103),
(556,	'2017-08-07 00:05:00',	10,	8,	103),
(557,	'2017-08-07 00:05:00',	10,	8,	103),
(558,	'2017-08-07 00:05:00',	30,	9,	103),
(559,	'2017-08-07 00:05:00',	30,	9,	103),
(560,	'2017-08-07 00:05:00',	10,	6,	103),
(561,	'2017-08-07 00:05:00',	20,	7,	103),
(562,	'2017-08-07 00:05:00',	20,	6,	103),
(563,	'2017-08-07 00:05:00',	10,	8,	103),
(564,	'2017-08-07 00:05:00',	10,	8,	103),
(565,	'2017-08-07 00:05:00',	10,	8,	103),
(566,	'2017-08-07 00:05:00',	30,	9,	103),
(567,	'2017-08-07 00:05:00',	30,	9,	103),
(568,	'2017-08-07 00:05:00',	10,	6,	103),
(569,	'2017-08-07 00:05:00',	20,	7,	103),
(570,	'2017-08-07 00:05:00',	20,	6,	103),
(571,	'2017-08-07 00:05:00',	10,	8,	103),
(572,	'2017-08-07 00:05:00',	10,	8,	103),
(573,	'2017-08-07 00:05:00',	10,	8,	103),
(574,	'2017-08-07 00:05:00',	30,	9,	103),
(575,	'2017-08-07 00:05:00',	30,	9,	103),
(576,	'2017-08-07 00:05:00',	10,	6,	103),
(577,	'2017-08-07 00:05:00',	20,	7,	103),
(578,	'2017-08-07 00:05:00',	20,	6,	103),
(579,	'2017-08-07 00:05:00',	10,	8,	103),
(580,	'2017-08-07 00:05:00',	10,	8,	103),
(581,	'2017-08-07 00:05:00',	10,	8,	103),
(582,	'2017-08-07 00:05:00',	30,	9,	103),
(583,	'2017-08-07 00:05:00',	30,	9,	103),
(584,	'2017-08-07 00:05:00',	10,	6,	103),
(585,	'2017-08-07 00:05:00',	20,	7,	103),
(586,	'2017-08-07 00:05:00',	20,	6,	103),
(587,	'2017-08-07 00:05:00',	10,	8,	103),
(588,	'2017-08-07 00:05:00',	10,	8,	103),
(589,	'2017-08-07 00:05:00',	10,	8,	103),
(590,	'2017-08-07 00:05:00',	30,	9,	103),
(591,	'2017-08-07 00:05:00',	30,	9,	103),
(592,	'2017-08-07 00:05:00',	10,	6,	103),
(593,	'2017-08-07 00:05:00',	20,	7,	103),
(594,	'2017-08-07 00:05:00',	20,	6,	103),
(595,	'2017-08-07 00:05:00',	10,	8,	103),
(596,	'2017-08-07 00:05:00',	10,	8,	103),
(597,	'2017-08-07 00:05:00',	10,	8,	103),
(598,	'2017-08-07 00:05:00',	30,	9,	103),
(599,	'2017-08-07 00:05:00',	30,	9,	103),
(600,	'2017-08-07 00:05:00',	10,	6,	103),
(601,	'2017-08-07 00:05:00',	20,	7,	103),
(602,	'2017-08-07 00:05:00',	20,	6,	103),
(603,	'2017-08-07 00:05:00',	10,	8,	103),
(604,	'2017-08-07 00:05:00',	10,	8,	103),
(605,	'2017-08-07 00:05:00',	10,	8,	103),
(606,	'2017-08-07 00:05:00',	30,	9,	103),
(607,	'2017-08-07 00:05:00',	30,	9,	103),
(608,	'2017-08-07 00:05:00',	10,	6,	103),
(609,	'2017-08-07 00:05:00',	20,	7,	103),
(610,	'2017-08-07 00:05:00',	20,	6,	103),
(611,	'2017-08-07 00:05:00',	10,	8,	103),
(612,	'2017-08-07 00:05:00',	10,	8,	103),
(613,	'2017-08-07 00:05:00',	10,	8,	103),
(614,	'2017-08-07 00:05:00',	30,	9,	103),
(615,	'2017-08-07 00:05:00',	30,	9,	103),
(616,	'2017-08-07 00:05:00',	10,	6,	103),
(617,	'2017-08-07 00:05:00',	20,	7,	103),
(618,	'2017-08-07 00:05:00',	20,	6,	103),
(619,	'2017-08-07 00:05:00',	10,	8,	103),
(620,	'2017-08-07 00:05:00',	10,	8,	103),
(621,	'2017-08-07 00:05:00',	10,	8,	103),
(622,	'2017-08-07 00:05:00',	30,	9,	103),
(623,	'2017-08-07 00:05:00',	30,	9,	103),
(624,	'2017-08-07 00:05:00',	10,	6,	103),
(625,	'2017-08-07 00:05:00',	20,	7,	103),
(626,	'2017-08-07 00:05:00',	20,	6,	103),
(627,	'2017-08-07 00:05:00',	10,	8,	103),
(628,	'2017-08-07 00:05:00',	10,	8,	103),
(629,	'2017-08-07 00:05:00',	10,	8,	103),
(630,	'2017-08-07 00:05:00',	30,	9,	103),
(631,	'2017-08-07 00:05:00',	30,	9,	103),
(632,	'2017-08-07 00:05:00',	10,	6,	103),
(633,	'2017-08-07 00:05:00',	20,	7,	103),
(634,	'2017-08-07 00:05:00',	20,	6,	103),
(635,	'2017-08-07 00:05:00',	10,	8,	103),
(636,	'2017-08-07 00:05:00',	10,	8,	103),
(637,	'2017-08-07 00:05:00',	10,	8,	103),
(638,	'2017-08-07 00:05:00',	30,	9,	103),
(639,	'2017-08-07 00:05:00',	30,	9,	103),
(640,	'2017-08-07 00:05:00',	10,	6,	103),
(641,	'2017-08-07 00:05:00',	20,	7,	103),
(642,	'2017-08-07 00:05:00',	20,	6,	103),
(643,	'2017-08-07 00:05:00',	10,	8,	103),
(644,	'2017-08-07 00:05:00',	10,	8,	103),
(645,	'2017-08-07 00:05:00',	10,	8,	103),
(646,	'2017-08-07 00:05:00',	30,	9,	103),
(647,	'2017-08-07 00:05:00',	30,	9,	103),
(648,	'2017-08-09 00:05:00',	10,	6,	103),
(649,	'2017-08-09 00:05:00',	20,	7,	103),
(650,	'2017-08-09 00:05:00',	20,	6,	103),
(651,	'2017-08-09 00:05:00',	10,	8,	103),
(652,	'2017-08-09 00:05:00',	10,	8,	103),
(653,	'2017-08-09 00:05:00',	10,	8,	103),
(654,	'2017-08-09 00:05:00',	30,	9,	103),
(655,	'2017-08-09 00:05:00',	30,	9,	103),
(656,	'2017-08-09 00:05:00',	10,	6,	103),
(657,	'2017-08-09 00:05:00',	20,	7,	103),
(658,	'2017-08-09 00:05:00',	20,	6,	103),
(659,	'2017-08-09 00:05:00',	10,	8,	103),
(660,	'2017-08-09 00:05:00',	10,	8,	103),
(661,	'2017-08-09 00:05:00',	10,	8,	103),
(662,	'2017-08-09 00:05:00',	30,	9,	103),
(663,	'2017-08-09 00:05:00',	30,	9,	103),
(664,	'2017-08-09 00:05:00',	10,	6,	103),
(665,	'2017-08-09 00:05:00',	20,	7,	103),
(666,	'2017-08-09 00:05:00',	20,	6,	103),
(667,	'2017-08-09 00:05:00',	10,	8,	103),
(668,	'2017-08-09 00:05:00',	10,	8,	103),
(669,	'2017-08-09 00:05:00',	10,	8,	103),
(670,	'2017-08-09 00:05:00',	30,	9,	103),
(671,	'2017-08-09 15:42:00',	0,	8,	103),
(672,	'2017-08-09 15:43:00',	0,	10,	103),
(673,	'2017-08-09 15:46:00',	0,	10,	103),
(674,	'2017-08-10 16:12:00',	0,	10,	103),
(675,	'2017-08-10 16:12:00',	0,	10,	103),
(676,	'2017-08-10 16:17:00',	0,	10,	103),
(677,	'2017-08-09 00:05:00',	10,	6,	103),
(678,	'2017-08-09 00:05:00',	20,	7,	103),
(679,	'2017-08-09 00:05:00',	20,	6,	103),
(680,	'2017-08-09 00:05:00',	10,	8,	103),
(681,	'2017-08-09 00:05:00',	10,	8,	103),
(682,	'2017-08-09 00:05:00',	10,	8,	103),
(683,	'2017-08-09 00:05:00',	30,	9,	103),
(684,	'2017-08-09 00:05:00',	10,	6,	103),
(685,	'2017-08-09 00:05:00',	20,	7,	103),
(686,	'2017-08-09 00:05:00',	20,	6,	103),
(687,	'2017-08-09 00:05:00',	10,	8,	103),
(688,	'2017-08-09 00:05:00',	10,	8,	103),
(689,	'2017-08-09 00:05:00',	10,	8,	103),
(690,	'2017-08-09 00:05:00',	30,	9,	103),
(691,	'2017-08-09 00:05:00',	10,	6,	103),
(692,	'2017-08-09 00:05:00',	20,	7,	103),
(693,	'2017-08-09 00:05:00',	20,	6,	103),
(694,	'2017-08-09 00:05:00',	10,	8,	103),
(695,	'2017-08-09 00:05:00',	10,	8,	103),
(696,	'2017-08-09 00:05:00',	10,	8,	103),
(697,	'2017-08-09 00:05:00',	30,	9,	103),
(698,	'2017-08-09 00:05:00',	10,	6,	103),
(699,	'2017-08-09 00:05:00',	20,	7,	103),
(700,	'2017-08-09 00:05:00',	20,	6,	103),
(701,	'2017-08-09 00:05:00',	10,	8,	103),
(702,	'2017-08-09 00:05:00',	10,	8,	103),
(703,	'2017-08-09 00:05:00',	10,	8,	103),
(704,	'2017-08-09 00:05:00',	30,	9,	103),
(705,	'2017-08-09 00:05:00',	10,	6,	103),
(706,	'2017-08-09 00:05:00',	20,	7,	103),
(707,	'2017-08-09 00:05:00',	20,	6,	103),
(708,	'2017-08-09 00:05:00',	10,	8,	103),
(709,	'2017-08-09 00:05:00',	10,	8,	103),
(710,	'2017-08-09 00:05:00',	10,	8,	103),
(711,	'2017-08-09 00:05:00',	30,	9,	103),
(712,	'2017-08-09 00:05:00',	10,	6,	103),
(713,	'2017-08-09 00:05:00',	20,	7,	103),
(714,	'2017-08-09 00:05:00',	20,	6,	103),
(715,	'2017-08-09 00:05:00',	10,	8,	103),
(716,	'2017-08-09 00:05:00',	10,	8,	103),
(717,	'2017-08-09 00:05:00',	10,	8,	103),
(718,	'2017-08-09 00:05:00',	30,	9,	103),
(719,	'2017-08-09 00:05:00',	10,	6,	103),
(720,	'2017-08-09 00:05:00',	20,	7,	103),
(721,	'2017-08-09 00:05:00',	20,	6,	103),
(722,	'2017-08-09 00:05:00',	10,	8,	103),
(723,	'2017-08-09 00:05:00',	10,	8,	103),
(724,	'2017-08-09 00:05:00',	10,	8,	103),
(725,	'2017-08-09 00:05:00',	30,	9,	103),
(726,	'2017-08-09 00:05:00',	10,	6,	103),
(727,	'2017-08-09 00:05:00',	20,	7,	103),
(728,	'2017-08-09 00:05:00',	20,	6,	103),
(729,	'2017-08-09 00:05:00',	10,	8,	103),
(730,	'2017-08-09 00:05:00',	10,	8,	103),
(731,	'2017-08-09 00:05:00',	10,	8,	103),
(732,	'2017-08-09 00:05:00',	30,	9,	103),
(733,	'2017-08-09 00:05:00',	10,	6,	103),
(734,	'2017-08-09 00:05:00',	20,	7,	103),
(735,	'2017-08-09 00:05:00',	20,	6,	103),
(736,	'2017-08-09 00:05:00',	10,	8,	103),
(737,	'2017-08-09 00:05:00',	10,	8,	103),
(738,	'2017-08-09 00:05:00',	10,	8,	103),
(739,	'2017-08-09 00:05:00',	30,	9,	103),
(740,	'2017-08-09 00:05:00',	10,	6,	103),
(741,	'2017-08-09 00:05:00',	20,	7,	103),
(742,	'2017-08-09 00:05:00',	20,	6,	103),
(743,	'2017-08-09 00:05:00',	10,	8,	103),
(744,	'2017-08-09 00:05:00',	10,	8,	103),
(745,	'2017-08-09 00:05:00',	10,	8,	103),
(746,	'2017-08-09 00:05:00',	30,	9,	103),
(747,	'2017-08-09 00:05:00',	10,	6,	103),
(748,	'2017-08-09 00:05:00',	20,	7,	103),
(749,	'2017-08-09 00:05:00',	20,	6,	103),
(750,	'2017-08-09 00:05:00',	10,	8,	103),
(751,	'2017-08-09 00:05:00',	10,	8,	103),
(752,	'2017-08-09 00:05:00',	10,	8,	103),
(753,	'2017-08-09 00:05:00',	30,	9,	103),
(754,	'2017-08-09 00:05:00',	10,	6,	103),
(755,	'2017-08-09 00:05:00',	20,	7,	103),
(756,	'2017-08-09 00:05:00',	20,	6,	103),
(757,	'2017-08-09 00:05:00',	10,	8,	103),
(758,	'2017-08-09 00:05:00',	10,	8,	103),
(759,	'2017-08-09 00:05:00',	10,	8,	103),
(760,	'2017-08-09 00:05:00',	30,	9,	103),
(761,	'2017-08-10 16:35:00',	0,	10,	103),
(762,	'2017-08-10 16:37:00',	0,	8,	103),
(763,	'2017-08-10 16:38:00',	0,	8,	103),
(764,	'2017-08-10 16:38:00',	0,	7,	103),
(765,	'2017-08-10 16:39:00',	0,	7,	103),
(766,	'2017-08-10 16:39:00',	0,	8,	103),
(767,	'2017-08-10 16:41:00',	0,	7,	103),
(768,	'2017-08-10 16:41:00',	0,	8,	103),
(769,	'2017-08-11 09:43:00',	0,	7,	103),
(770,	'2017-08-11 09:46:00',	0,	7,	103),
(771,	'2017-08-11 09:46:00',	0,	8,	103),
(772,	'2017-08-09 00:05:00',	10,	6,	103),
(773,	'2017-08-09 00:05:00',	20,	7,	103),
(774,	'2017-08-09 00:05:00',	20,	6,	103),
(775,	'2017-08-09 00:05:00',	10,	8,	103),
(776,	'2017-08-09 00:05:00',	10,	8,	103),
(777,	'2017-08-09 00:05:00',	10,	8,	103),
(778,	'2017-08-09 00:05:00',	30,	9,	103),
(779,	'2017-08-09 00:05:00',	10,	6,	103),
(780,	'2017-08-09 00:05:00',	20,	7,	103),
(781,	'2017-08-09 00:05:00',	20,	6,	103),
(782,	'2017-08-09 00:05:00',	10,	8,	103),
(783,	'2017-08-09 00:05:00',	10,	8,	103),
(784,	'2017-08-09 00:05:00',	10,	8,	103),
(785,	'2017-08-09 00:05:00',	30,	9,	103),
(786,	'2017-08-09 00:05:00',	10,	6,	103),
(787,	'2017-08-09 00:05:00',	20,	7,	103),
(788,	'2017-08-09 00:05:00',	20,	6,	103),
(789,	'2017-08-09 00:05:00',	10,	8,	103),
(790,	'2017-08-09 00:05:00',	10,	8,	103),
(791,	'2017-08-09 00:05:00',	10,	8,	103),
(792,	'2017-08-09 00:05:00',	30,	9,	103),
(793,	'2017-08-09 00:05:00',	10,	6,	103),
(794,	'2017-08-09 00:05:00',	20,	7,	103),
(795,	'2017-08-09 00:05:00',	20,	6,	103),
(796,	'2017-08-09 00:05:00',	10,	8,	103),
(797,	'2017-08-09 00:05:00',	10,	8,	103),
(798,	'2017-08-09 00:05:00',	10,	8,	103),
(799,	'2017-08-09 00:05:00',	30,	9,	103),
(800,	'2017-08-09 00:05:00',	10,	6,	103),
(801,	'2017-08-09 00:05:00',	20,	7,	103),
(802,	'2017-08-09 00:05:00',	20,	6,	103),
(803,	'2017-08-09 00:05:00',	10,	8,	103),
(804,	'2017-08-09 00:05:00',	10,	8,	103),
(805,	'2017-08-09 00:05:00',	10,	8,	103),
(806,	'2017-08-09 00:05:00',	30,	9,	103),
(807,	'2017-08-09 00:05:00',	10,	6,	103),
(808,	'2017-08-09 00:05:00',	20,	7,	103),
(809,	'2017-08-09 00:05:00',	20,	6,	103),
(810,	'2017-08-09 00:05:00',	10,	8,	103),
(811,	'2017-08-09 00:05:00',	10,	8,	103),
(812,	'2017-08-09 00:05:00',	10,	8,	103),
(813,	'2017-08-09 00:05:00',	30,	9,	103),
(814,	'2017-08-09 00:05:00',	10,	6,	103),
(815,	'2017-08-09 00:05:00',	20,	7,	103),
(816,	'2017-08-09 00:05:00',	20,	6,	103),
(817,	'2017-08-09 00:05:00',	10,	8,	103),
(818,	'2017-08-09 00:05:00',	10,	8,	103),
(819,	'2017-08-09 00:05:00',	10,	8,	103),
(820,	'2017-08-09 00:05:00',	30,	9,	103),
(821,	'2017-08-09 00:05:00',	10,	6,	103),
(822,	'2017-08-09 00:05:00',	20,	7,	103),
(823,	'2017-08-09 00:05:00',	20,	6,	103),
(824,	'2017-08-09 00:05:00',	10,	8,	103),
(825,	'2017-08-09 00:05:00',	10,	8,	103),
(826,	'2017-08-09 00:05:00',	10,	8,	103),
(827,	'2017-08-09 00:05:00',	30,	9,	103),
(828,	'2017-08-09 00:05:00',	10,	6,	103),
(829,	'2017-08-09 00:05:00',	20,	7,	103),
(830,	'2017-08-09 00:05:00',	20,	6,	103),
(831,	'2017-08-09 00:05:00',	10,	8,	103),
(832,	'2017-08-09 00:05:00',	10,	8,	103),
(833,	'2017-08-09 00:05:00',	10,	8,	103),
(834,	'2017-08-09 00:05:00',	30,	9,	103),
(835,	'2017-08-09 00:05:00',	10,	6,	103),
(836,	'2017-08-09 00:05:00',	20,	7,	103),
(837,	'2017-08-09 00:05:00',	20,	6,	103),
(838,	'2017-08-09 00:05:00',	10,	8,	103),
(839,	'2017-08-09 00:05:00',	10,	8,	103),
(840,	'2017-08-09 00:05:00',	10,	8,	103),
(841,	'2017-08-09 00:05:00',	30,	9,	103),
(842,	'2017-08-07 00:05:00',	10,	11,	103),
(843,	'2017-08-07 00:05:00',	10,	11,	103),
(844,	'2017-08-07 00:05:00',	10,	11,	103),
(845,	'2017-08-07 00:05:00',	10,	11,	103),
(846,	'2017-08-07 00:05:00',	10,	11,	103),
(847,	'2017-08-07 00:05:00',	10,	11,	103),
(848,	'2017-08-07 00:05:00',	10,	11,	103),
(849,	'2017-08-07 00:05:00',	10,	11,	103),
(850,	'2017-08-07 00:05:00',	20,	11,	103),
(851,	'2017-08-07 00:05:00',	10,	11,	103),
(852,	'2017-08-07 00:05:00',	20,	11,	103),
(853,	'2017-08-07 00:05:00',	10,	11,	103),
(854,	'2017-08-07 00:05:00',	20,	11,	103),
(855,	'2017-08-07 00:05:00',	10,	11,	103),
(856,	'2017-08-07 00:05:00',	20,	11,	103),
(857,	'2017-08-07 00:05:00',	10,	11,	103),
(858,	'2017-08-07 00:05:00',	20,	11,	103),
(859,	'2017-08-07 00:05:00',	10,	11,	103),
(860,	'2017-08-07 00:05:00',	20,	11,	103),
(861,	'2017-08-07 00:05:00',	10,	11,	103),
(862,	'2017-08-07 00:05:00',	20,	11,	103),
(863,	'2017-08-07 00:05:00',	10,	11,	103),
(864,	'2017-08-07 00:05:00',	20,	11,	103),
(865,	'2017-08-07 00:05:00',	10,	11,	103),
(866,	'2017-08-07 00:05:00',	20,	11,	103),
(867,	'2017-08-07 00:05:00',	10,	11,	103),
(868,	'2017-08-07 00:05:00',	20,	11,	103),
(869,	'2017-08-07 00:05:00',	10,	11,	103),
(870,	'2017-08-07 00:05:00',	20,	11,	103),
(871,	'2017-08-07 00:05:00',	10,	11,	103),
(872,	'2017-08-07 00:05:00',	20,	11,	103),
(873,	'2017-08-07 00:05:00',	10,	11,	103),
(874,	'2017-08-07 00:05:00',	20,	11,	103),
(875,	'2017-08-07 00:05:00',	10,	11,	103),
(876,	'2017-08-07 00:05:00',	20,	11,	103),
(877,	'2017-08-07 00:05:00',	10,	11,	103),
(878,	'2017-08-07 00:05:00',	20,	11,	103),
(879,	'2017-08-07 00:05:00',	10,	11,	103),
(880,	'2017-08-07 00:05:00',	20,	11,	103),
(881,	'2017-08-07 00:05:00',	10,	11,	103),
(882,	'2017-08-07 00:05:00',	20,	11,	103),
(883,	'2017-08-07 00:05:00',	10,	11,	103),
(884,	'2017-08-07 00:05:00',	20,	11,	103),
(885,	'2017-08-07 00:05:00',	10,	11,	103),
(886,	'2017-08-07 00:05:00',	20,	11,	103),
(887,	'2017-08-07 00:05:00',	10,	11,	103),
(888,	'2017-08-07 00:05:00',	20,	11,	103),
(889,	'2017-08-07 00:05:00',	10,	11,	103),
(890,	'2017-08-07 00:05:00',	20,	11,	103),
(891,	'2017-08-07 00:05:00',	10,	11,	103),
(892,	'2017-08-07 00:05:00',	20,	11,	103),
(893,	'2017-08-07 00:05:00',	10,	11,	103),
(894,	'2017-08-07 00:05:00',	20,	11,	103),
(895,	'2017-08-07 00:05:00',	10,	11,	103),
(896,	'2017-08-07 00:05:00',	20,	11,	103),
(897,	'2017-08-07 00:05:00',	10,	11,	103),
(898,	'2017-08-07 00:05:00',	20,	11,	103),
(899,	'2017-08-07 00:05:00',	10,	11,	103),
(900,	'2017-08-07 00:05:00',	20,	11,	103),
(901,	'2017-08-07 00:05:00',	10,	11,	103),
(902,	'2017-08-07 00:05:00',	20,	11,	103),
(903,	'2017-08-11 11:20:00',	10,	11,	103),
(904,	'2017-08-11 11:20:00',	20,	11,	103),
(905,	'2017-08-11 11:20:00',	10,	11,	103),
(906,	'2017-08-11 11:20:00',	20,	11,	103),
(907,	'2017-08-11 11:20:00',	10,	11,	103),
(908,	'2017-08-11 11:20:00',	20,	11,	103),
(909,	'2017-08-11 11:20:00',	10,	11,	103),
(910,	'2017-08-11 11:20:00',	20,	11,	103),
(911,	'2017-08-11 11:20:00',	10,	11,	103),
(912,	'2017-08-11 11:20:00',	20,	11,	103),
(913,	'2017-08-11 11:20:00',	10,	11,	103),
(914,	'2017-08-11 11:20:00',	20,	11,	103),
(915,	'2017-08-11 11:20:00',	10,	11,	103),
(916,	'2017-08-11 11:20:00',	20,	11,	103),
(917,	'2017-08-11 11:20:00',	10,	11,	103),
(918,	'2017-08-11 11:20:00',	20,	11,	103),
(919,	'2017-08-11 11:20:00',	10,	11,	103),
(920,	'2017-08-11 11:20:00',	20,	11,	103),
(921,	'2017-08-11 11:20:00',	10,	11,	103),
(922,	'2017-08-11 11:20:00',	20,	11,	103),
(923,	'2017-08-11 11:20:00',	10,	11,	103),
(924,	'2017-08-11 11:20:00',	20,	11,	103),
(925,	'2017-08-11 11:20:00',	10,	11,	103),
(926,	'2017-08-11 11:20:00',	20,	11,	103),
(927,	'2017-08-11 11:20:00',	10,	11,	103),
(928,	'2017-08-11 11:20:00',	20,	11,	103),
(929,	'2017-08-11 11:20:00',	10,	11,	103),
(930,	'2017-08-11 11:20:00',	20,	11,	103),
(931,	'2017-08-11 11:20:00',	10,	11,	103),
(932,	'2017-08-11 11:20:00',	20,	11,	103),
(933,	'2017-08-11 11:20:00',	10,	11,	103),
(934,	'2017-08-11 11:20:00',	20,	11,	103),
(935,	'2017-08-11 11:20:00',	10,	11,	103),
(936,	'2017-08-11 11:20:00',	20,	11,	103),
(937,	'2017-08-11 11:20:00',	10,	11,	103),
(938,	'2017-08-11 11:20:00',	20,	11,	103),
(939,	'2017-08-11 11:20:00',	10,	11,	103),
(940,	'2017-08-11 11:20:00',	20,	11,	103),
(941,	'2017-08-11 11:20:00',	10,	11,	103),
(942,	'2017-08-11 11:20:00',	20,	11,	103),
(943,	'2017-08-11 11:20:00',	10,	11,	103),
(944,	'2017-08-11 11:20:00',	20,	11,	103),
(945,	'2017-08-11 11:20:00',	10,	11,	103),
(946,	'2017-08-11 11:20:00',	20,	11,	103),
(947,	'2017-08-11 11:20:00',	10,	11,	103),
(948,	'2017-08-11 11:20:00',	20,	11,	103),
(949,	'2017-08-11 11:20:00',	10,	11,	103),
(950,	'2017-08-11 11:20:00',	20,	11,	103),
(951,	'2017-08-11 11:20:00',	10,	11,	103),
(952,	'2017-08-11 11:20:00',	20,	11,	103),
(953,	'2017-08-11 11:20:00',	10,	11,	103),
(954,	'2017-08-11 11:20:00',	20,	11,	103),
(955,	'2017-08-11 11:20:00',	10,	11,	103),
(956,	'2017-08-11 11:20:00',	20,	11,	103),
(957,	'2017-08-11 11:20:00',	10,	11,	103),
(958,	'2017-08-11 11:20:00',	20,	11,	103),
(959,	'2017-08-09 00:05:00',	10,	6,	103),
(960,	'2017-08-09 00:05:00',	20,	7,	103),
(961,	'2017-08-09 00:05:00',	20,	6,	103),
(962,	'2017-08-09 00:05:00',	10,	8,	103),
(963,	'2017-08-09 00:05:00',	10,	8,	103),
(964,	'2017-08-09 00:05:00',	10,	8,	103),
(965,	'2017-08-09 00:05:00',	30,	9,	103),
(966,	'2017-08-09 00:05:00',	10,	6,	103),
(967,	'2017-08-09 00:05:00',	20,	7,	103),
(968,	'2017-08-09 00:05:00',	20,	6,	103),
(969,	'2017-08-09 00:05:00',	10,	8,	103),
(970,	'2017-08-09 00:05:00',	10,	8,	103),
(971,	'2017-08-09 00:05:00',	10,	8,	103),
(972,	'2017-08-09 00:05:00',	30,	9,	103),
(973,	'2017-08-09 00:05:00',	10,	6,	103),
(974,	'2017-08-09 00:05:00',	20,	7,	103),
(975,	'2017-08-09 00:05:00',	20,	6,	103),
(976,	'2017-08-09 00:05:00',	10,	8,	103),
(977,	'2017-08-09 00:05:00',	10,	8,	103),
(978,	'2017-08-09 00:05:00',	10,	8,	103),
(979,	'2017-08-09 00:05:00',	30,	9,	103),
(980,	'2017-08-09 00:05:00',	10,	6,	103),
(981,	'2017-08-09 00:05:00',	20,	7,	103),
(982,	'2017-08-09 00:05:00',	20,	6,	103),
(983,	'2017-08-09 00:05:00',	10,	8,	103),
(984,	'2017-08-09 00:05:00',	10,	8,	103),
(985,	'2017-08-09 00:05:00',	10,	8,	103),
(986,	'2017-08-09 00:05:00',	30,	9,	103),
(987,	'2017-08-09 00:05:00',	10,	6,	103),
(988,	'2017-08-09 00:05:00',	20,	7,	103),
(989,	'2017-08-09 00:05:00',	20,	6,	103),
(990,	'2017-08-09 00:05:00',	10,	8,	103),
(991,	'2017-08-09 00:05:00',	10,	8,	103),
(992,	'2017-08-09 00:05:00',	10,	8,	103),
(993,	'2017-08-09 00:05:00',	30,	9,	103),
(994,	'2017-08-09 00:05:00',	10,	6,	103),
(995,	'2017-08-09 00:05:00',	20,	7,	103),
(996,	'2017-08-09 00:05:00',	20,	6,	103),
(997,	'2017-08-09 00:05:00',	10,	8,	103),
(998,	'2017-08-09 00:05:00',	10,	8,	103),
(999,	'2017-08-09 00:05:00',	10,	8,	103),
(1000,	'2017-08-09 00:05:00',	30,	9,	103),
(1001,	'2017-08-14 14:04:00',	0,	7,	103),
(1002,	'2017-08-14 14:04:00',	0,	8,	103),
(1003,	'2017-08-14 14:08:00',	0,	7,	103),
(1004,	'2017-08-14 14:08:00',	0,	8,	103),
(1005,	'2017-08-14 14:27:00',	0,	7,	103),
(1006,	'2017-08-07 00:05:00',	10,	6,	103),
(1007,	'2017-08-07 00:05:00',	20,	7,	103),
(1008,	'2017-08-07 00:05:00',	20,	6,	103),
(1009,	'2017-08-07 00:05:00',	10,	8,	103),
(1010,	'2017-08-07 00:05:00',	10,	8,	103),
(1011,	'2017-08-07 00:05:00',	10,	8,	103),
(1012,	'2017-08-07 00:05:00',	30,	9,	103),
(1013,	'2017-08-07 00:05:00',	30,	9,	103),
(1014,	'2017-08-07 00:05:00',	10,	6,	103),
(1015,	'2017-08-07 00:05:00',	20,	7,	103),
(1016,	'2017-08-07 00:05:00',	20,	6,	103),
(1017,	'2017-08-07 00:05:00',	10,	8,	103),
(1018,	'2017-08-07 00:05:00',	10,	8,	103),
(1019,	'2017-08-07 00:05:00',	10,	8,	103),
(1020,	'2017-08-07 00:05:00',	30,	9,	103),
(1021,	'2017-08-07 00:05:00',	30,	9,	103),
(1022,	'2017-08-07 00:05:00',	10,	6,	103),
(1023,	'2017-08-07 00:05:00',	20,	7,	103),
(1024,	'2017-08-07 00:05:00',	20,	6,	103),
(1025,	'2017-08-07 00:05:00',	10,	8,	103),
(1026,	'2017-08-07 00:05:00',	10,	8,	103),
(1027,	'2017-08-07 00:05:00',	10,	8,	103),
(1028,	'2017-08-07 00:05:00',	30,	9,	103),
(1029,	'2017-08-07 00:05:00',	30,	9,	103),
(1030,	'2017-08-07 00:05:00',	10,	6,	103),
(1031,	'2017-08-07 00:05:00',	20,	7,	103),
(1032,	'2017-08-07 00:05:00',	20,	6,	103),
(1033,	'2017-08-07 00:05:00',	10,	8,	103),
(1034,	'2017-08-07 00:05:00',	10,	8,	103),
(1035,	'2017-08-07 00:05:00',	10,	8,	103),
(1036,	'2017-08-07 00:05:00',	30,	9,	103),
(1037,	'2017-08-07 00:05:00',	30,	9,	103),
(1038,	'2017-08-07 00:05:00',	10,	6,	103),
(1039,	'2017-08-07 00:05:00',	20,	7,	103),
(1040,	'2017-08-07 00:05:00',	20,	6,	103),
(1041,	'2017-08-07 00:05:00',	10,	8,	103),
(1042,	'2017-08-07 00:05:00',	10,	8,	103),
(1043,	'2017-08-07 00:05:00',	10,	8,	103),
(1044,	'2017-08-07 00:05:00',	30,	9,	103),
(1045,	'2017-08-07 00:05:00',	30,	9,	103),
(1046,	'2017-08-07 00:05:00',	10,	6,	103),
(1047,	'2017-08-07 00:05:00',	20,	7,	103),
(1048,	'2017-08-07 00:05:00',	20,	6,	103),
(1049,	'2017-08-07 00:05:00',	10,	8,	103),
(1050,	'2017-08-07 00:05:00',	10,	8,	103),
(1051,	'2017-08-07 00:05:00',	10,	8,	103),
(1052,	'2017-08-07 00:05:00',	30,	9,	103),
(1053,	'2017-08-07 00:05:00',	30,	9,	103),
(1054,	'2017-08-07 00:05:00',	10,	6,	103),
(1055,	'2017-08-07 00:05:00',	20,	7,	103),
(1056,	'2017-08-07 00:05:00',	20,	6,	103),
(1057,	'2017-08-07 00:05:00',	10,	8,	103),
(1058,	'2017-08-07 00:05:00',	10,	8,	103),
(1059,	'2017-08-07 00:05:00',	10,	8,	103),
(1060,	'2017-08-07 00:05:00',	30,	9,	103),
(1061,	'2017-08-07 00:05:00',	30,	9,	103),
(1062,	'2017-08-07 00:05:00',	10,	6,	103),
(1063,	'2017-08-07 00:05:00',	20,	7,	103),
(1064,	'2017-08-07 00:05:00',	20,	6,	103),
(1065,	'2017-08-07 00:05:00',	10,	8,	103),
(1066,	'2017-08-07 00:05:00',	10,	8,	103),
(1067,	'2017-08-07 00:05:00',	10,	8,	103),
(1068,	'2017-08-07 00:05:00',	30,	9,	103),
(1069,	'2017-08-07 00:05:00',	30,	9,	103),
(1070,	'2017-08-07 00:05:00',	10,	6,	103),
(1071,	'2017-08-07 00:05:00',	20,	7,	103),
(1072,	'2017-08-07 00:05:00',	20,	6,	103),
(1073,	'2017-08-07 00:05:00',	10,	8,	103),
(1074,	'2017-08-07 00:05:00',	10,	8,	103),
(1075,	'2017-08-07 00:05:00',	10,	8,	103),
(1076,	'2017-08-07 00:05:00',	30,	9,	103),
(1077,	'2017-08-07 00:05:00',	30,	9,	103),
(1078,	'2017-08-07 00:05:00',	10,	6,	103),
(1079,	'2017-08-07 00:05:00',	20,	7,	103),
(1080,	'2017-08-07 00:05:00',	20,	6,	103),
(1081,	'2017-08-07 00:05:00',	10,	8,	103),
(1082,	'2017-08-07 00:05:00',	10,	8,	103),
(1083,	'2017-08-07 00:05:00',	10,	8,	103),
(1084,	'2017-08-07 00:05:00',	30,	9,	103),
(1085,	'2017-08-07 00:05:00',	30,	9,	103),
(1086,	'2017-08-17 00:49:00',	0,	10,	103),
(1087,	'2017-08-17 00:54:00',	0,	7,	103),
(1088,	'2017-08-17 13:32:00',	0,	7,	103),
(1089,	'2017-08-17 13:32:00',	0,	7,	103),
(1090,	'2017-08-17 13:33:00',	0,	7,	103),
(1091,	'2017-08-17 13:33:00',	0,	9,	103),
(1092,	'2017-08-17 13:35:00',	0,	7,	103),
(1093,	'2017-08-17 13:35:00',	0,	8,	103),
(1094,	'2017-08-17 13:36:00',	0,	7,	103),
(1095,	'2017-08-17 13:36:00',	0,	8,	103),
(1096,	'2017-08-17 13:39:00',	0,	7,	103),
(1097,	'2017-08-17 13:39:00',	0,	8,	103),
(1098,	'2017-08-17 13:39:00',	0,	8,	103),
(1099,	'2017-08-17 13:39:00',	0,	9,	103),
(1100,	'2017-08-18 00:14:00',	0,	7,	103),
(1101,	'2017-08-18 00:19:00',	0,	7,	103),
(1102,	'2017-08-09 00:05:00',	10,	6,	103),
(1103,	'2017-08-09 00:05:00',	20,	7,	103),
(1104,	'2017-08-09 00:05:00',	20,	6,	103),
(1105,	'2017-08-09 00:05:00',	10,	8,	103),
(1106,	'2017-08-09 00:05:00',	10,	8,	103),
(1107,	'2017-08-09 00:05:00',	10,	8,	103),
(1108,	'2017-08-09 00:05:00',	30,	9,	103),
(1109,	'2017-08-09 00:05:00',	10,	6,	103),
(1110,	'2017-08-09 00:05:00',	20,	7,	103),
(1111,	'2017-08-09 00:05:00',	20,	6,	103),
(1112,	'2017-08-09 00:05:00',	10,	8,	103),
(1113,	'2017-08-09 00:05:00',	10,	8,	103),
(1114,	'2017-08-09 00:05:00',	10,	8,	103),
(1115,	'2017-08-09 00:05:00',	30,	9,	103),
(1116,	'2017-08-09 00:05:00',	10,	6,	103),
(1117,	'2017-08-09 00:05:00',	20,	7,	103),
(1118,	'2017-08-09 00:05:00',	20,	6,	103),
(1119,	'2017-08-09 00:05:00',	10,	8,	103),
(1120,	'2017-08-09 00:05:00',	10,	8,	103),
(1121,	'2017-08-09 00:05:00',	10,	8,	103),
(1122,	'2017-08-09 00:05:00',	30,	9,	103),
(1123,	'2017-08-09 00:05:00',	10,	6,	103),
(1124,	'2017-08-09 00:05:00',	20,	7,	103),
(1125,	'2017-08-09 00:05:00',	20,	6,	103),
(1126,	'2017-08-09 00:05:00',	10,	8,	103),
(1127,	'2017-08-09 00:05:00',	10,	8,	103),
(1128,	'2017-08-09 00:05:00',	10,	8,	103),
(1129,	'2017-08-09 00:05:00',	30,	9,	103),
(1130,	'2017-08-09 00:05:00',	10,	6,	103),
(1131,	'2017-08-09 00:05:00',	20,	7,	103),
(1132,	'2017-08-09 00:05:00',	20,	6,	103),
(1133,	'2017-08-09 00:05:00',	10,	8,	103),
(1134,	'2017-08-09 00:05:00',	10,	8,	103),
(1135,	'2017-08-09 00:05:00',	10,	8,	103),
(1136,	'2017-08-09 00:05:00',	30,	9,	103),
(1137,	'2017-08-09 00:05:00',	10,	6,	103),
(1138,	'2017-08-09 00:05:00',	20,	7,	103),
(1139,	'2017-08-09 00:05:00',	20,	6,	103),
(1140,	'2017-08-09 00:05:00',	10,	8,	103),
(1141,	'2017-08-09 00:05:00',	10,	8,	103),
(1142,	'2017-08-09 00:05:00',	10,	8,	103),
(1143,	'2017-08-09 00:05:00',	30,	9,	103),
(1144,	'2017-08-18 00:43:00',	0,	7,	103),
(1145,	'2017-08-18 00:43:00',	0,	8,	103),
(1146,	'2017-08-18 00:43:00',	0,	7,	103),
(1147,	'2017-08-18 00:43:00',	0,	8,	103),
(1148,	'2017-08-18 00:43:00',	0,	8,	103),
(1149,	'2017-08-18 00:43:00',	0,	9,	103),
(1150,	'2017-08-18 00:45:00',	0,	9,	103),
(1151,	'2017-08-18 00:45:00',	0,	10,	103),
(1152,	'2017-08-18 00:45:00',	0,	8,	103),
(1153,	'2017-08-18 00:45:00',	0,	9,	103),
(1154,	'2017-08-18 00:45:00',	0,	6,	103),
(1155,	'2017-08-18 00:45:00',	0,	7,	103),
(1156,	'2017-08-18 00:45:00',	0,	9,	103),
(1157,	'2017-08-18 00:45:00',	0,	10,	103),
(1158,	'2017-08-18 00:45:00',	0,	6,	103),
(1159,	'2017-08-18 00:45:00',	0,	9,	103),
(1160,	'2017-08-18 00:45:00',	0,	6,	103),
(1161,	'2017-08-18 00:45:00',	0,	7,	103),
(1162,	'2017-08-18 00:49:00',	0,	7,	103),
(1163,	'2017-08-18 00:49:00',	0,	8,	103),
(1164,	'2017-08-18 00:49:00',	0,	8,	103),
(1165,	'2017-08-18 00:49:00',	0,	9,	103),
(1166,	'2017-08-18 00:49:00',	0,	6,	103),
(1167,	'2017-08-18 00:49:00',	0,	7,	103),
(1168,	'2017-08-18 13:00:00',	0,	7,	103),
(1169,	'2017-08-18 13:00:00',	0,	8,	103),
(1170,	'2017-08-18 13:00:00',	0,	8,	103),
(1171,	'2017-08-18 13:00:00',	0,	9,	103),
(1172,	'2017-08-18 13:02:00',	0,	7,	103),
(1173,	'2017-08-18 13:02:00',	0,	8,	103),
(1174,	'2017-08-18 13:02:00',	0,	8,	103),
(1175,	'2017-08-18 13:02:00',	0,	9,	103),
(1176,	'2017-08-18 13:02:00',	0,	6,	103),
(1177,	'2017-08-18 13:02:00',	0,	7,	103),
(1178,	'2017-08-18 13:02:00',	0,	9,	103),
(1179,	'2017-09-11 10:44:00',	0,	7,	103),
(1180,	'2017-09-11 10:44:00',	0,	8,	103),
(1181,	'2017-09-11 10:45:00',	0,	7,	103),
(1182,	'2017-09-11 10:45:00',	0,	8,	103),
(1183,	'2017-09-11 10:46:00',	0,	7,	103),
(1184,	'2017-09-11 10:46:00',	0,	7,	103),
(1185,	'2017-09-11 11:02:00',	0,	7,	103),
(1186,	'2017-09-11 11:02:00',	0,	8,	103),
(1187,	'2017-09-11 11:02:00',	0,	9,	103),
(1188,	'2017-09-11 11:04:00',	0,	7,	103),
(1189,	'2017-09-11 11:04:00',	0,	8,	103),
(1190,	'2017-09-11 11:04:00',	0,	8,	103),
(1191,	'2017-09-11 11:04:00',	0,	9,	103),
(1192,	'2017-09-11 11:04:00',	0,	6,	103),
(1193,	'2017-09-11 11:09:00',	0,	7,	103),
(1194,	'2017-09-11 11:09:00',	0,	8,	103),
(1195,	'2017-09-11 11:09:00',	0,	8,	103),
(1196,	'2017-09-11 11:09:00',	0,	9,	103),
(1197,	'2017-09-11 11:09:00',	0,	6,	103),
(1198,	'2017-09-11 11:09:00',	0,	7,	103),
(1199,	'2017-09-11 11:18:00',	0,	8,	103),
(1200,	'2017-08-09 11:05:00',	10,	6,	103),
(1201,	'2017-08-09 11:05:00',	20,	7,	103),
(1202,	'2017-08-09 11:05:00',	20,	6,	103),
(1203,	'2017-08-09 11:05:00',	10,	8,	103),
(1204,	'2017-08-09 11:05:00',	10,	8,	103),
(1205,	'2017-08-09 11:05:00',	10,	8,	103),
(1206,	'2017-08-09 11:05:00',	10,	6,	103),
(1207,	'2017-08-09 11:05:00',	20,	7,	103),
(1208,	'2017-08-09 11:05:00',	20,	6,	103),
(1209,	'2017-08-09 11:05:00',	10,	8,	103),
(1210,	'2017-08-09 11:05:00',	10,	8,	103),
(1211,	'2017-08-09 11:05:00',	10,	8,	103),
(1212,	'2017-08-09 11:05:00',	10,	6,	103),
(1213,	'2017-08-09 11:05:00',	20,	7,	103),
(1214,	'2017-08-09 11:05:00',	20,	6,	103),
(1215,	'2017-08-09 11:05:00',	10,	8,	103),
(1216,	'2017-08-09 11:05:00',	10,	8,	103),
(1217,	'2017-08-09 11:05:00',	10,	8,	103),
(1218,	'2017-08-09 11:05:00',	10,	6,	103),
(1219,	'2017-08-09 11:05:00',	20,	7,	103),
(1220,	'2017-08-09 11:05:00',	20,	6,	103),
(1221,	'2017-08-09 11:05:00',	10,	8,	103),
(1222,	'2017-08-09 11:05:00',	10,	8,	103),
(1223,	'2017-08-09 11:05:00',	10,	8,	103),
(1224,	'2017-08-09 11:05:00',	10,	6,	103),
(1225,	'2017-08-09 11:05:00',	20,	7,	103),
(1226,	'2017-08-09 11:05:00',	20,	6,	103),
(1227,	'2017-08-09 11:05:00',	10,	8,	103),
(1228,	'2017-08-09 11:05:00',	10,	8,	103),
(1229,	'2017-08-09 11:05:00',	10,	8,	103),
(1230,	'2017-08-09 11:05:00',	10,	6,	103),
(1231,	'2017-08-09 11:05:00',	20,	7,	103),
(1232,	'2017-08-09 11:05:00',	20,	6,	103),
(1233,	'2017-08-09 11:05:00',	10,	8,	103),
(1234,	'2017-08-09 11:05:00',	10,	8,	103),
(1235,	'2017-08-09 11:05:00',	10,	8,	103),
(1236,	'2017-08-09 11:05:00',	10,	6,	103),
(1237,	'2017-08-09 11:05:00',	20,	7,	103),
(1238,	'2017-08-09 11:05:00',	20,	6,	103),
(1239,	'2017-08-09 11:05:00',	10,	8,	103),
(1240,	'2017-08-09 11:05:00',	10,	8,	103),
(1241,	'2017-08-09 11:05:00',	10,	8,	103),
(1242,	'2017-08-09 11:05:00',	10,	6,	103),
(1243,	'2017-08-09 11:05:00',	20,	7,	103),
(1244,	'2017-08-09 11:05:00',	20,	6,	103),
(1245,	'2017-08-09 11:05:00',	10,	8,	103),
(1246,	'2017-08-09 11:05:00',	10,	8,	103),
(1247,	'2017-08-09 11:05:00',	10,	8,	103),
(1248,	'2017-08-09 11:05:00',	10,	6,	103),
(1249,	'2017-08-09 11:05:00',	20,	7,	103),
(1250,	'2017-08-09 11:05:00',	20,	6,	103),
(1251,	'2017-08-09 11:05:00',	10,	8,	103),
(1252,	'2017-08-09 11:05:00',	10,	8,	103),
(1253,	'2017-08-09 11:05:00',	10,	8,	103),
(1254,	'2017-08-09 11:05:00',	10,	6,	103),
(1255,	'2017-08-09 11:05:00',	20,	7,	103),
(1256,	'2017-08-09 11:05:00',	20,	6,	103),
(1257,	'2017-08-09 11:05:00',	10,	8,	103),
(1258,	'2017-08-09 11:05:00',	10,	8,	103),
(1259,	'2017-08-09 11:05:00',	10,	8,	103),
(1260,	'2017-08-09 11:05:00',	10,	6,	103),
(1261,	'2017-08-09 11:05:00',	20,	7,	103),
(1262,	'2017-08-09 11:05:00',	20,	6,	103),
(1263,	'2017-08-09 11:05:00',	10,	8,	103),
(1264,	'2017-08-09 11:05:00',	10,	8,	103),
(1265,	'2017-08-09 11:05:00',	10,	8,	103),
(1266,	'2017-08-09 11:05:00',	10,	6,	103),
(1267,	'2017-08-09 11:05:00',	20,	7,	103),
(1268,	'2017-08-09 11:05:00',	20,	6,	103),
(1269,	'2017-08-09 11:05:00',	10,	8,	103),
(1270,	'2017-08-09 11:05:00',	10,	8,	103),
(1271,	'2017-08-09 11:05:00',	10,	8,	103),
(1272,	'2017-08-09 11:05:00',	10,	6,	103),
(1273,	'2017-08-09 11:05:00',	20,	7,	103),
(1274,	'2017-08-09 11:05:00',	20,	6,	103),
(1275,	'2017-08-09 11:05:00',	10,	8,	103),
(1276,	'2017-08-09 11:05:00',	10,	8,	103),
(1277,	'2017-08-09 11:05:00',	10,	8,	103),
(1278,	'2017-08-09 11:05:00',	10,	6,	103),
(1279,	'2017-08-09 11:05:00',	20,	7,	103),
(1280,	'2017-08-09 11:05:00',	20,	6,	103),
(1281,	'2017-08-09 11:05:00',	10,	8,	103),
(1282,	'2017-08-09 11:05:00',	10,	8,	103),
(1283,	'2017-08-09 11:05:00',	10,	8,	103),
(1284,	'2017-08-09 11:05:00',	10,	6,	103),
(1285,	'2017-08-09 11:05:00',	20,	7,	103),
(1286,	'2017-08-09 11:05:00',	20,	6,	103),
(1287,	'2017-08-09 11:05:00',	10,	8,	103),
(1288,	'2017-08-09 11:05:00',	10,	8,	103),
(1289,	'2017-08-09 11:05:00',	10,	8,	103),
(1290,	'2017-08-09 11:05:00',	10,	6,	103),
(1291,	'2017-08-09 11:05:00',	20,	7,	103),
(1292,	'2017-08-09 11:05:00',	20,	6,	103),
(1293,	'2017-08-09 11:05:00',	10,	8,	103),
(1294,	'2017-08-09 11:05:00',	10,	8,	103),
(1295,	'2017-08-09 11:05:00',	10,	8,	103),
(1296,	'2017-09-11 11:58:00',	0,	7,	103),
(1297,	'2017-09-11 11:58:00',	0,	8,	103),
(1298,	'2017-09-11 11:58:00',	0,	8,	103),
(1299,	'2017-09-11 11:58:00',	0,	9,	103),
(1300,	'2017-09-11 11:58:00',	0,	6,	103),
(1301,	'2017-09-11 11:58:00',	0,	7,	103),
(1302,	'2017-09-11 00:03:00',	0,	7,	103),
(1303,	'2017-09-11 00:03:00',	0,	8,	103),
(1304,	'2017-09-11 00:03:00',	0,	8,	103),
(1305,	'2017-09-11 00:03:00',	0,	9,	103),
(1306,	'2017-09-11 00:03:00',	0,	6,	103),
(1307,	'2017-09-11 00:03:00',	0,	7,	103),
(1308,	'2017-09-11 00:03:00',	0,	9,	103),
(1309,	'2017-09-11 00:10:00',	0,	7,	103),
(1310,	'2017-09-11 00:10:00',	0,	8,	103),
(1311,	'2017-09-11 00:10:00',	0,	8,	103),
(1312,	'2017-09-11 00:10:00',	0,	9,	103),
(1313,	'2017-09-11 00:10:00',	0,	6,	103),
(1314,	'2017-09-11 00:10:00',	0,	7,	103),
(1315,	'2017-09-11 00:10:00',	0,	9,	103),
(1316,	'2017-09-11 00:14:00',	0,	9,	103),
(1317,	'2017-09-13 00:04:00',	0,	7,	103),
(1318,	'2017-09-13 00:04:00',	0,	8,	103),
(1319,	'2017-09-13 00:04:00',	0,	8,	103),
(1320,	'2017-09-13 00:04:00',	0,	9,	103),
(1321,	'2017-09-13 00:04:00',	0,	6,	103),
(1322,	'2017-09-13 00:04:00',	0,	7,	103),
(1323,	'2017-09-13 00:21:00',	0,	7,	103),
(1324,	'2017-09-13 00:21:00',	0,	8,	103),
(1325,	'2017-09-13 00:21:00',	0,	8,	103),
(1326,	'2017-09-13 00:21:00',	0,	9,	103),
(1327,	'2017-09-13 00:21:00',	0,	6,	103),
(1328,	'2017-09-13 00:21:00',	0,	7,	103),
(1329,	'2017-09-13 00:21:00',	0,	9,	103),
(1330,	'2017-09-13 00:21:00',	0,	10,	103),
(1331,	'2017-09-13 13:24:00',	0,	7,	103),
(1332,	'2017-09-13 13:24:00',	0,	9,	103),
(1333,	'2017-09-13 13:24:00',	0,	9,	103),
(1334,	'2017-09-13 13:24:00',	0,	6,	103),
(1335,	'2017-09-13 13:24:00',	0,	6,	103),
(1336,	'2017-09-13 13:24:00',	0,	7,	103),
(1337,	'2017-09-13 13:32:00',	0,	8,	103),
(1338,	'2017-09-13 13:32:00',	0,	9,	103),
(1339,	'2017-09-13 13:32:00',	0,	7,	103),
(1340,	'2017-09-13 13:32:00',	0,	9,	103),
(1341,	'2017-09-13 13:32:00',	0,	6,	103),
(1342,	'2017-09-13 13:32:00',	0,	7,	103),
(1343,	'2017-09-13 13:32:00',	0,	9,	103),
(1344,	'2017-09-13 13:32:00',	0,	10,	103),
(1345,	'2017-09-13 13:48:00',	0,	7,	103),
(1346,	'2017-09-13 13:48:00',	0,	8,	103),
(1347,	'2017-09-13 13:48:00',	0,	8,	103),
(1348,	'2017-09-13 13:48:00',	0,	9,	103),
(1349,	'2017-09-13 13:48:00',	0,	6,	103),
(1350,	'2017-09-13 13:48:00',	0,	7,	103),
(1351,	'2017-09-13 14:33:00',	0,	7,	103),
(1352,	'2017-09-13 14:33:00',	0,	8,	103),
(1353,	'2017-09-13 14:33:00',	0,	8,	103),
(1354,	'2017-09-13 14:33:00',	0,	9,	103),
(1355,	'2017-09-13 14:33:00',	0,	6,	103),
(1356,	'2017-09-13 14:33:00',	0,	7,	103),
(1357,	'2017-09-13 14:33:00',	0,	9,	103),
(1358,	'2017-09-14 14:51:00',	0,	7,	103),
(1359,	'2017-09-14 14:51:00',	0,	8,	103),
(1360,	'2017-09-14 14:51:00',	0,	8,	103),
(1361,	'2017-09-14 14:51:00',	0,	9,	103),
(1362,	'2017-09-14 14:51:00',	0,	6,	103),
(1363,	'2017-09-14 14:51:00',	0,	7,	103),
(1364,	'2017-09-14 14:51:00',	0,	9,	103),
(1365,	'2017-09-14 15:08:00',	0,	7,	103),
(1366,	'2017-09-14 15:11:00',	0,	10,	103),
(1367,	'2017-09-18 10:33:00',	0,	8,	103),
(1368,	'2017-09-18 10:33:00',	0,	8,	103),
(1369,	'2017-09-18 10:33:00',	0,	8,	103),
(1370,	'2017-09-18 10:33:00',	0,	9,	103),
(1371,	'2017-09-18 10:33:00',	0,	6,	103),
(1372,	'2017-10-04 14:48:00',	0,	7,	101),
(1373,	'2017-10-04 15:23:00',	0,	8,	101),
(1374,	'2017-10-04 15:23:00',	1,	7,	101),
(1375,	'2017-10-04 11:34:00',	0,	10,	101),
(1376,	'2017-10-04 11:39:00',	0,	7,	101),
(1377,	'2017-10-04 14:17:00',	0,	7,	101),
(1378,	'2017-10-09 13:48:00',	0,	7,	101),
(1379,	'2017-10-09 13:48:00',	0,	8,	101),
(1380,	'2017-10-09 13:48:00',	0,	8,	101),
(1381,	'2017-10-09 13:48:00',	0,	9,	101),
(1382,	'2017-10-11 13:36:00',	0,	7,	101),
(1383,	'2017-10-11 13:36:00',	0,	7,	101),
(1384,	'2017-10-11 13:41:00',	0,	9,	101),
(1385,	'2017-10-11 13:41:00',	0,	8,	101),
(1386,	'2017-10-11 14:23:00',	0,	8,	101),
(1387,	'2017-10-11 14:23:00',	0,	7,	101),
(1388,	'2018-02-22 11:37:00',	0,	11,	103),
(1389,	'2018-02-22 11:37:00',	1,	12,	103),
(1390,	'2018-02-22 11:37:00',	0,	12,	103),
(1391,	'2018-02-22 11:37:00',	1,	12,	103),
(1392,	'2018-02-22 11:37:00',	1,	12,	103),
(1393,	'2018-02-22 00:03:00',	0,	11,	103),
(1394,	'2018-02-22 00:03:00',	0,	12,	103),
(1395,	'2018-02-22 00:03:00',	0,	11,	103),
(1396,	'2018-02-22 00:03:00',	0,	12,	103),
(1397,	'2018-02-22 13:46:00',	0,	11,	103),
(1398,	'2018-02-22 00:00:00',	0,	11,	103),
(1399,	'2018-02-26 09:31:00',	2,	10,	103),
(1400,	'2018-02-26 09:37:00',	0,	10,	103);

DROP TABLE IF EXISTS `ParametroEficacia`;
CREATE TABLE `ParametroEficacia` (
  `ID` int(11) NOT NULL AUTO_INCREMENT,
  `FECHAPARAMETRO` datetime DEFAULT NULL,
  `VALOR` varchar(255) DEFAULT NULL,
  `TIPO_PARAMETRO_ID` int(11) DEFAULT NULL,
  PRIMARY KEY (`ID`),
  KEY `FK_ParametroEficacia_TIPO_PARAMETRO_ID` (`TIPO_PARAMETRO_ID`),
  CONSTRAINT `FK_ParametroEficacia_TIPO_PARAMETRO_ID` FOREIGN KEY (`TIPO_PARAMETRO_ID`) REFERENCES `TipoParametro` (`ID`)
) ENGINE=InnoDB DEFAULT CHARSET=utf8mb3 COLLATE=utf8mb3_general_ci;

INSERT INTO `ParametroEficacia` (`ID`, `FECHAPARAMETRO`, `VALOR`, `TIPO_PARAMETRO_ID`) VALUES
(83,	'2016-12-05 00:00:00',	'[11,40]',	2),
(84,	'2016-12-05 00:00:00',	'[11,40]',	2),
(85,	'2016-12-05 00:00:00',	'[11,40]',	2),
(86,	'2016-12-05 00:00:00',	'[11,40]',	2),
(87,	'2016-12-11 00:00:00',	'[11,40]',	2),
(88,	'2016-12-11 00:00:00',	'[11,40]',	2),
(89,	'2016-12-05 00:00:00',	'[8,10]',	2),
(90,	'2016-12-05 00:00:00',	'[12,40]',	1),
(91,	'2016-12-12 00:00:00',	'[11,40]',	2),
(92,	'2016-12-12 00:00:00',	'[11,40]',	2),
(93,	'2016-12-12 00:00:00',	'[11,40]',	2),
(94,	'2016-12-13 00:00:00',	'[11,40]',	2),
(95,	'2016-12-13 00:00:00',	'[11,40]',	2),
(96,	'2016-12-13 00:00:00',	'[11,40]',	2),
(97,	'2016-12-13 00:00:00',	'[11,40]',	2),
(98,	'2016-12-13 00:00:00',	'[11,40]',	2),
(99,	'2016-12-13 00:00:00',	'[11,40]',	2),
(100,	'2016-12-13 00:00:00',	'[11,40]',	2),
(101,	'2016-12-13 00:00:00',	'[11,40]',	2),
(102,	'2016-12-13 00:00:00',	'[11,40]',	2),
(103,	'2016-12-13 00:00:00',	'[11,40]',	2),
(104,	'2016-12-13 00:00:00',	'[11,40]',	2),
(105,	'2016-12-13 00:00:00',	'[11,40]',	2),
(106,	'2016-12-13 00:00:00',	'[11,40]',	2),
(107,	'2016-12-13 00:00:00',	'[11,40]',	2),
(108,	'2016-12-13 00:00:00',	'[11,40]',	2),
(109,	'2016-12-13 00:00:00',	'[11,40]',	2),
(110,	'2016-12-13 00:00:00',	'[11,40]',	2),
(111,	'2016-12-13 00:00:00',	'[11,40]',	2),
(112,	'2016-12-13 00:00:00',	'[11,40]',	2),
(113,	'2016-12-05 00:00:00',	'[11,40]',	2),
(114,	'2016-12-05 00:00:00',	'[11,40]',	2),
(115,	'2016-12-05 00:00:00',	'[11,40]',	2),
(116,	'2016-12-05 00:00:00',	'[11,40]',	2),
(117,	'2016-12-05 00:00:00',	'[11,40]',	2),
(118,	'2016-12-05 00:00:00',	'[11,40]',	2),
(119,	'2016-12-05 00:00:00',	'[11,40]',	2),
(120,	'2016-12-05 00:00:00',	'[11,40]',	2),
(121,	'2016-12-05 00:00:00',	'[11,40]',	2),
(122,	'2016-12-05 00:00:00',	'[11,40]',	2),
(123,	'2016-12-05 00:00:00',	'[11,40]',	2),
(124,	'2016-12-05 00:00:00',	'[11,40]',	2),
(125,	'2016-12-05 00:00:00',	'[11,40]',	2),
(126,	'2016-12-05 00:00:00',	'[11,40]',	2),
(127,	'2016-12-05 00:00:00',	'[11,40]',	2),
(128,	'2016-12-05 00:00:00',	'[11,40]',	2),
(129,	'2016-12-05 00:00:00',	'[11,40]',	2),
(130,	'2016-12-05 00:00:00',	'[11,40]',	2),
(131,	'2016-12-05 00:00:00',	'[11,40]',	2),
(132,	'2016-12-05 00:00:00',	'[11,40]',	2),
(133,	'2016-12-05 00:00:00',	'[11,40]',	2),
(134,	'2016-12-05 00:00:00',	'[11,40]',	2),
(135,	'2016-12-05 00:00:00',	'[11,40]',	2),
(136,	'2016-12-05 00:00:00',	'[11,40]',	2),
(137,	'2016-12-05 00:00:00',	'[11,40]',	2),
(138,	'2016-12-05 00:00:00',	'[11,40]',	2),
(139,	'2016-12-05 00:00:00',	'[11,40]',	2),
(140,	'2016-12-05 00:00:00',	'[11,40]',	2),
(141,	'2016-12-05 00:00:00',	'[11,40]',	2),
(142,	'2016-12-05 00:00:00',	'[11,40]',	2),
(143,	'2016-12-05 00:00:00',	'[11,40]',	2),
(144,	'2016-12-05 00:00:00',	'[11,40]',	2),
(145,	'2016-12-05 00:00:00',	'[11,40]',	2),
(146,	'2016-12-05 00:00:00',	'[11,40]',	2),
(147,	'2016-12-05 00:00:00',	'[11,40]',	2),
(148,	'2016-12-05 00:00:00',	'[11,40]',	2),
(149,	'2016-12-05 00:00:00',	'[11,40]',	2),
(150,	'2016-12-05 00:00:00',	'[11,40]',	2),
(151,	'2016-12-05 00:00:00',	'[11,40]',	2),
(152,	'2016-12-05 00:00:00',	'[11,40]',	2),
(153,	'2016-12-05 00:00:00',	'[11,40]',	2),
(154,	'2016-12-05 00:00:00',	'[11,40]',	2),
(155,	'2016-12-05 00:00:00',	'[11,40]',	2),
(156,	'2016-12-05 00:00:00',	'[11,40]',	2),
(157,	'2016-12-05 00:00:00',	'[11,40]',	2),
(158,	'2016-12-05 00:00:00',	'[11,40]',	2),
(159,	'2016-12-05 00:00:00',	'[11,40]',	2),
(160,	'2016-12-05 00:00:00',	'[11,40]',	2),
(161,	'2016-12-05 00:00:00',	'[11,40]',	2),
(162,	'2016-12-05 00:00:00',	'[11,40]',	2),
(163,	'2016-12-05 00:00:00',	'[11,40]',	2),
(164,	'2016-12-05 00:00:00',	'[11,40]',	2),
(165,	'2016-12-05 00:00:00',	'[11,40]',	2),
(166,	'2016-12-05 00:00:00',	'[11,40]',	2),
(167,	'2016-12-05 00:00:00',	'[11,40]',	2),
(168,	'2016-12-05 00:00:00',	'[11,40]',	2),
(169,	'2016-12-05 00:00:00',	'[11,40]',	2),
(170,	'2016-12-05 00:00:00',	'[11,40]',	2),
(171,	'2016-12-05 00:00:00',	'[11,40]',	2),
(172,	'2016-12-05 00:00:00',	'[11,40]',	2),
(173,	'2016-12-05 00:00:00',	'[11,40]',	2),
(174,	'2016-12-05 00:00:00',	'[11,40]',	2),
(175,	'2016-12-05 00:00:00',	'[11,40]',	2),
(176,	'2016-12-05 00:00:00',	'[11,40]',	2),
(177,	'2016-12-05 00:00:00',	'[11,40]',	2),
(178,	'2016-12-05 00:00:00',	'[11,40]',	2),
(179,	'2016-12-05 00:00:00',	'[11,40]',	2),
(180,	'2016-12-05 00:00:00',	'[11,40]',	2),
(181,	'2016-12-05 00:00:00',	'[11,40]',	2),
(182,	'2016-12-05 00:00:00',	'[11,40]',	2),
(183,	'2016-12-05 00:00:00',	'[11,40]',	2),
(184,	'2016-12-05 00:00:00',	'[11,40]',	2),
(185,	'2016-12-05 00:00:00',	'[11,40]',	2),
(186,	'2016-12-05 00:00:00',	'[11,40]',	2),
(187,	'2016-12-05 00:00:00',	'[11,40]',	2),
(188,	'2016-12-05 00:00:00',	'[11,40]',	2),
(189,	'2016-12-05 00:00:00',	'[11,40]',	2),
(190,	'2016-12-05 00:00:00',	'[11,40]',	2),
(191,	'2016-12-05 00:00:00',	'[11,40]',	2),
(192,	'2016-12-05 00:00:00',	'[11,40]',	2),
(193,	'2016-12-05 00:00:00',	'[11,40]',	2),
(194,	'2016-12-05 00:00:00',	'[11,40]',	2),
(195,	'2016-12-05 00:00:00',	'[11,40]',	2),
(196,	'2016-12-05 00:00:00',	'[11,40]',	2),
(197,	'2016-12-05 00:00:00',	'[11,40]',	2),
(198,	'2016-12-05 00:00:00',	'[11,40]',	2),
(199,	'2016-12-05 00:00:00',	'[11,40]',	2),
(200,	'2016-12-05 00:00:00',	'[11,40]',	2),
(201,	'2016-12-05 00:00:00',	'[11,40]',	2),
(202,	'2016-12-05 00:00:00',	'[11,40]',	2),
(203,	'2016-12-05 00:00:00',	'[11,40]',	2),
(204,	'2016-12-05 00:00:00',	'[11,40]',	2),
(205,	'2016-12-05 00:00:00',	'[11,40]',	2),
(206,	'2016-12-05 00:00:00',	'[11,40]',	2),
(207,	'2016-12-05 00:00:00',	'[11,40]',	2),
(208,	'2016-12-05 00:00:00',	'[11,40]',	2),
(209,	'2016-12-05 00:00:00',	'[11,40]',	2),
(210,	'2016-12-05 00:00:00',	'[11,40]',	2),
(211,	'2016-12-05 00:00:00',	'[11,40]',	2),
(212,	'2016-12-05 00:00:00',	'[11,40]',	2),
(213,	'2016-12-05 00:00:00',	'[11,40]',	2),
(214,	'2016-12-05 00:00:00',	'[11,40]',	2),
(215,	'2016-12-05 00:00:00',	'[11,40]',	2),
(216,	'2016-12-05 00:00:00',	'[11,40]',	2),
(217,	'2016-12-05 00:00:00',	'[11,40]',	2),
(218,	'2016-12-05 00:00:00',	'[11,40]',	2),
(219,	'2016-12-05 00:00:00',	'[11,40]',	2),
(220,	'2016-12-05 00:00:00',	'[11,40]',	2),
(221,	'2016-12-05 00:00:00',	'[11,40]',	2),
(222,	'2016-12-05 00:00:00',	'[11,40]',	2),
(223,	'2016-12-05 00:00:00',	'[11,40]',	2),
(224,	'2016-12-05 00:00:00',	'[11,40]',	2),
(225,	'2016-12-05 00:00:00',	'[11,40]',	2),
(226,	'2016-12-05 00:00:00',	'[11,40]',	2),
(227,	'2016-12-05 00:00:00',	'[11,40]',	2),
(228,	'2016-12-05 00:00:00',	'[11,40]',	2),
(229,	'2016-12-05 00:00:00',	'[11,40]',	2),
(230,	'2016-12-05 00:00:00',	'[11,40]',	2),
(231,	'2016-12-05 00:00:00',	'[11,40]',	2),
(232,	'2016-12-05 00:00:00',	'[11,40]',	2),
(233,	'2016-12-05 00:00:00',	'[11,40]',	2),
(234,	'2016-12-05 00:00:00',	'[11,40]',	2),
(235,	'2016-12-05 00:00:00',	'[11,40]',	2),
(236,	'2016-12-05 00:00:00',	'[11,40]',	2),
(237,	'2016-12-05 00:00:00',	'[11,40]',	2),
(238,	'2016-12-05 00:00:00',	'[11,40]',	2),
(239,	'2016-12-05 00:00:00',	'[11,40]',	2),
(240,	'2016-12-05 00:00:00',	'[11,40]',	2),
(241,	'2016-12-05 00:00:00',	'[11,40]',	2),
(242,	'2016-12-05 00:00:00',	'[11,40]',	2),
(243,	'2016-12-05 00:00:00',	'[11,40]',	2),
(244,	'2016-12-05 00:00:00',	'[11,40]',	2),
(245,	'2016-12-05 00:00:00',	'[11,40]',	2),
(246,	'2016-12-05 00:00:00',	'[11,40]',	2),
(247,	'2016-12-05 00:00:00',	'[11,40]',	2),
(248,	'2016-12-05 00:00:00',	'[11,40]',	2),
(249,	'2016-12-05 00:00:00',	'[11,40]',	2),
(250,	'2016-12-05 00:00:00',	'[11,40]',	2),
(251,	'2016-12-05 00:00:00',	'[11,40]',	2),
(252,	'2016-12-05 00:00:00',	'[11,40]',	2),
(253,	'2016-12-05 00:00:00',	'[11,40]',	2),
(254,	'2016-12-05 00:00:00',	'[11,40]',	2),
(255,	'2016-12-05 00:00:00',	'[11,40]',	2),
(256,	'2016-12-05 00:00:00',	'[11,40]',	2),
(257,	'2016-12-05 00:00:00',	'[11,40]',	2),
(258,	'2016-12-05 00:00:00',	'[11,40]',	2),
(259,	'2016-12-05 00:00:00',	'[11,40]',	2),
(260,	'2016-12-05 00:00:00',	'[11,40]',	2),
(261,	'2016-12-05 00:00:00',	'[11,40]',	2),
(262,	'2016-12-05 00:00:00',	'[11,40]',	2),
(263,	'2016-12-05 00:00:00',	'[11,40]',	2),
(264,	'2016-12-05 00:00:00',	'[11,40]',	2),
(265,	'2016-12-05 00:00:00',	'[11,40]',	2),
(266,	'2016-12-05 00:00:00',	'[11,40]',	2),
(267,	'2016-12-05 00:00:00',	'[11,40]',	2),
(268,	'2016-12-05 00:00:00',	'[11,40]',	2),
(269,	'2016-12-05 00:00:00',	'[11,40]',	2),
(270,	'2016-12-05 00:00:00',	'[11,40]',	2),
(271,	'2016-12-05 00:00:00',	'[11,40]',	2),
(272,	'2016-12-05 00:00:00',	'[11,40]',	2),
(273,	'2016-12-05 00:00:00',	'[11,40]',	2),
(274,	'2016-12-05 00:00:00',	'[11,40]',	2),
(275,	'2016-12-05 00:00:00',	'[11,40]',	2),
(276,	'2016-12-05 00:00:00',	'[11,40]',	2),
(277,	'2016-12-05 00:00:00',	'[11,40]',	2),
(278,	'2016-12-05 00:00:00',	'[11,40]',	2),
(279,	'2016-12-05 00:00:00',	'[11,40]',	2),
(280,	'2016-12-05 00:00:00',	'[11,40]',	2),
(281,	'2016-12-05 00:00:00',	'[11,40]',	2),
(282,	'2016-12-05 00:00:00',	'[11,40]',	2),
(283,	'2016-12-05 00:00:00',	'[11,40]',	2),
(284,	'2016-12-05 00:00:00',	'[11,40]',	2),
(285,	'2016-12-05 00:00:00',	'[11,40]',	2),
(286,	'2016-12-05 00:00:00',	'[11,40]',	2),
(287,	'2016-12-05 00:00:00',	'[11,40]',	2),
(288,	'2016-12-05 00:00:00',	'[11,40]',	2),
(289,	'2016-12-05 00:00:00',	'[11,40]',	2),
(290,	'2016-12-05 00:00:00',	'[11,40]',	2),
(291,	'2016-12-05 00:00:00',	'[11,40]',	2),
(292,	'2016-12-05 00:00:00',	'[11,40]',	2),
(293,	'2016-12-05 00:00:00',	'[11,40]',	2),
(294,	'2016-12-05 00:00:00',	'[11,40]',	2),
(295,	'2016-12-05 00:00:00',	'[11,40]',	2),
(296,	'2016-12-05 00:00:00',	'[11,40]',	2),
(297,	'2016-12-05 00:00:00',	'[11,40]',	2),
(298,	'2016-12-05 00:00:00',	'[11,40]',	2),
(299,	'2016-12-05 00:00:00',	'[11,40]',	2),
(300,	'2016-12-05 00:00:00',	'[11,40]',	2),
(301,	'2016-12-05 00:00:00',	'[11,40]',	2),
(302,	'2016-12-05 00:00:00',	'[11,40]',	2),
(303,	'2016-12-05 00:00:00',	'[11,40]',	2),
(304,	'2016-12-05 00:00:00',	'[11,40]',	2),
(305,	'2016-12-05 00:00:00',	'[8,10]',	2),
(306,	'2016-12-05 00:00:00',	'[12,40]',	1),
(307,	'2016-12-13 00:00:00',	'[11,40]',	2),
(308,	'2016-12-13 00:00:00',	'[11,40]',	2),
(309,	'2016-12-13 00:00:00',	'[11,40]',	2),
(310,	'2016-12-13 00:00:00',	'[11,40]',	2),
(311,	'2016-12-13 00:00:00',	'[11,40]',	2),
(312,	'2016-12-13 00:00:00',	'[11,40]',	2),
(313,	'2016-12-13 00:00:00',	'[11,40]',	2),
(314,	'2016-12-13 00:00:00',	'[11,40]',	2),
(315,	'2016-12-13 00:00:00',	'[11,40]',	2),
(316,	'2016-12-13 00:00:00',	'[11,40]',	2),
(317,	'2016-12-13 00:00:00',	'[11,40]',	2),
(318,	'2016-12-13 00:00:00',	'[11,40]',	2),
(319,	'2016-12-13 00:00:00',	'[11,40]',	2),
(320,	'2016-12-13 00:00:00',	'[11,40]',	2),
(321,	'2016-12-13 00:00:00',	'[11,40]',	2),
(322,	'2016-12-13 00:00:00',	'[11,40]',	2),
(323,	'2016-12-13 00:00:00',	'[11,40]',	2),
(324,	'2016-12-13 00:00:00',	'[11,40]',	2),
(325,	'2016-12-13 00:00:00',	'[11,40]',	2),
(326,	'2016-12-13 00:00:00',	'[11,40]',	2),
(327,	'2016-12-13 00:00:00',	'[11,40]',	2),
(328,	'2016-12-13 00:00:00',	'[11,40]',	2),
(329,	'2016-12-13 00:00:00',	'[11,40]',	2),
(330,	'2016-12-13 00:00:00',	'[11,40]',	2),
(331,	'2016-12-13 00:00:00',	'[11,40]',	2),
(332,	'2016-12-13 00:00:00',	'[11,40]',	2),
(333,	'2016-12-13 00:00:00',	'[11,40]',	2),
(334,	'2016-12-13 00:00:00',	'[11,40]',	2),
(335,	'2016-12-13 00:00:00',	'[11,40]',	2),
(336,	'2016-12-13 00:00:00',	'[11,40]',	2),
(337,	'2016-12-13 00:00:00',	'[11,40]',	2),
(338,	'2016-12-13 00:00:00',	'[11,40]',	2),
(339,	'2016-12-13 00:00:00',	'[11,40]',	2),
(340,	'2016-12-13 00:00:00',	'[11,40]',	2),
(341,	'2016-12-13 00:00:00',	'[11,40]',	2),
(342,	'2016-12-13 00:00:00',	'[11,40]',	2),
(343,	'2016-12-13 00:00:00',	'[11,40]',	2),
(344,	'2016-12-13 00:00:00',	'[11,40]',	2),
(345,	'2016-12-13 00:00:00',	'[11,40]',	2),
(346,	'2016-12-13 00:00:00',	'[11,40]',	2),
(347,	'2016-12-13 00:00:00',	'[11,40]',	2),
(348,	'2016-12-13 00:00:00',	'[11,40]',	2),
(349,	'2016-12-13 00:00:00',	'[11,40]',	2),
(350,	'2016-12-13 00:00:00',	'[11,40]',	2),
(351,	'2016-12-13 00:00:00',	'[11,40]',	2),
(352,	'2016-12-13 00:00:00',	'[11,40]',	2),
(353,	'2016-12-13 00:00:00',	'[11,40]',	2),
(354,	'2016-12-13 00:00:00',	'[11,40]',	2),
(355,	'2016-12-13 00:00:00',	'[11,40]',	2),
(356,	'2016-12-13 00:00:00',	'[11,40]',	2),
(357,	'2016-12-13 00:00:00',	'[11,40]',	2),
(358,	'2016-12-13 00:00:00',	'[11,40]',	2),
(359,	'2016-12-13 00:00:00',	'[11,40]',	2),
(360,	'2016-12-13 00:00:00',	'[11,40]',	2),
(361,	'2016-12-13 00:00:00',	'[11,40]',	2),
(362,	'2016-12-13 00:00:00',	'[11,40]',	2),
(363,	'2016-12-13 00:00:00',	'[11,40]',	2),
(364,	'2016-12-13 00:00:00',	'[11,40]',	2),
(365,	'2016-12-13 00:00:00',	'[11,40]',	2),
(366,	'2016-12-13 00:00:00',	'[11,40]',	2),
(367,	'2016-12-13 00:00:00',	'[11,40]',	2),
(368,	'2016-12-13 00:00:00',	'[11,40]',	2),
(369,	'2016-12-13 00:00:00',	'[11,40]',	2),
(370,	'2016-12-13 00:00:00',	'[11,40]',	2),
(371,	'2016-12-13 00:00:00',	'[11,40]',	2),
(372,	'2016-12-13 00:00:00',	'[11,40]',	2),
(373,	'2016-12-13 00:00:00',	'[11,40]',	2),
(374,	'2016-12-13 00:00:00',	'[11,40]',	2),
(375,	'2016-12-13 00:00:00',	'[11,40]',	2),
(376,	'2016-12-13 00:00:00',	'[11,40]',	2),
(377,	'2016-12-13 00:00:00',	'[11,40]',	2),
(378,	'2016-12-13 00:00:00',	'[11,40]',	2),
(379,	'2016-12-13 00:00:00',	'[11,40]',	2),
(380,	'2016-12-13 00:00:00',	'[11,40]',	2),
(381,	'2016-12-13 00:00:00',	'[11,40]',	2),
(382,	'2016-12-13 00:00:00',	'[11,40]',	2),
(383,	'2016-12-13 00:00:00',	'[11,40]',	2),
(384,	'2016-12-13 00:00:00',	'[11,40]',	2),
(385,	'2016-12-13 00:00:00',	'[11,40]',	2),
(386,	'2016-12-13 00:00:00',	'[11,40]',	2),
(387,	'2016-12-13 00:00:00',	'[11,40]',	2),
(388,	'2016-12-13 00:00:00',	'[11,40]',	2),
(389,	'2016-12-13 00:00:00',	'[11,40]',	2),
(390,	'2016-12-13 00:00:00',	'[11,40]',	2),
(391,	'2016-12-13 00:00:00',	'[11,40]',	2),
(392,	'2016-12-13 00:00:00',	'[11,40]',	2),
(393,	'2016-12-13 00:00:00',	'[11,40]',	2),
(394,	'2016-12-13 00:00:00',	'[11,40]',	2),
(395,	'2016-12-13 00:00:00',	'[11,40]',	2),
(396,	'2016-12-13 00:00:00',	'[11,40]',	2),
(397,	'2016-12-13 00:00:00',	'[11,40]',	2),
(398,	'2016-12-13 00:00:00',	'[11,40]',	2),
(399,	'2016-12-13 00:00:00',	'[11,40]',	2),
(400,	'2016-12-13 00:00:00',	'[11,40]',	2),
(401,	'2016-12-13 00:00:00',	'[11,40]',	2),
(402,	'2016-12-13 00:00:00',	'[11,40]',	2),
(403,	'2016-12-13 00:00:00',	'[11,40]',	2),
(404,	'2016-12-13 00:00:00',	'[11,40]',	2),
(405,	'2016-12-13 00:00:00',	'[11,40]',	2),
(406,	'2016-12-13 00:00:00',	'[11,40]',	2),
(407,	'2016-12-13 00:00:00',	'[11,40]',	2),
(408,	'2016-12-13 00:00:00',	'[11,40]',	2),
(409,	'2016-12-13 00:00:00',	'[11,40]',	2),
(410,	'2016-12-13 00:00:00',	'[11,40]',	2),
(411,	'2016-12-13 00:00:00',	'[11,40]',	2),
(412,	'2016-12-13 00:00:00',	'[11,40]',	2),
(413,	'2016-12-13 00:00:00',	'[11,40]',	2),
(414,	'2016-12-13 00:00:00',	'[11,40]',	2),
(415,	'2016-12-13 00:00:00',	'[11,40]',	2),
(416,	'2016-12-13 00:00:00',	'[11,40]',	2),
(417,	'2016-12-13 00:00:00',	'[11,40]',	2),
(418,	'2016-12-13 00:00:00',	'[11,40]',	2),
(419,	'2016-12-13 00:00:00',	'[11,40]',	2),
(420,	'2016-12-13 00:00:00',	'[11,40]',	2),
(421,	'2016-12-13 00:00:00',	'[11,40]',	2),
(422,	'2016-12-13 00:00:00',	'[11,40]',	2),
(423,	'2016-12-13 00:00:00',	'[11,40]',	2),
(424,	'2016-12-13 00:00:00',	'[11,40]',	2),
(425,	'2016-12-13 00:00:00',	'[11,40]',	2),
(426,	'2016-12-13 00:00:00',	'[11,40]',	2),
(427,	'2016-12-13 00:00:00',	'[11,40]',	2),
(428,	'2016-12-13 00:00:00',	'[11,40]',	2),
(429,	'2016-12-13 00:00:00',	'[11,40]',	2),
(430,	'2016-12-13 00:00:00',	'[11,40]',	2),
(431,	'2016-12-13 00:00:00',	'[11,40]',	2),
(432,	'2016-12-13 00:00:00',	'[11,40]',	2),
(433,	'2016-12-13 00:00:00',	'[11,40]',	2),
(434,	'2016-12-13 00:00:00',	'[11,40]',	2),
(435,	'2016-12-13 00:00:00',	'[11,40]',	2),
(436,	'2016-12-13 00:00:00',	'[11,40]',	2),
(437,	'2016-12-13 00:00:00',	'[11,40]',	2),
(438,	'2016-12-13 00:00:00',	'[11,40]',	2),
(439,	'2016-12-13 00:00:00',	'[11,40]',	2),
(440,	'2016-12-13 00:00:00',	'[11,40]',	2),
(441,	'2016-12-13 00:00:00',	'[11,40]',	2),
(442,	'2016-12-13 00:00:00',	'[11,40]',	2),
(443,	'2016-12-13 00:00:00',	'[11,40]',	2),
(444,	'2016-12-13 00:00:00',	'[11,40]',	2),
(445,	'2016-12-13 00:00:00',	'[11,40]',	2),
(446,	'2016-12-13 00:00:00',	'[11,40]',	2),
(447,	'2016-12-13 00:00:00',	'[11,40]',	2),
(448,	'2016-12-13 00:00:00',	'[11,40]',	2),
(449,	'2016-12-13 00:00:00',	'[11,40]',	2),
(450,	'2016-12-13 00:00:00',	'[11,40]',	2),
(451,	'2016-12-13 00:00:00',	'[11,40]',	2),
(452,	'2016-12-13 00:00:00',	'[11,40]',	2),
(453,	'2016-12-13 00:00:00',	'[11,40]',	2),
(454,	'2016-12-13 00:00:00',	'[11,40]',	2),
(455,	'2016-12-13 00:00:00',	'[11,40]',	2),
(456,	'2016-12-13 00:00:00',	'[11,40]',	2),
(457,	'2016-12-13 00:00:00',	'[11,40]',	2),
(458,	'2016-12-13 00:00:00',	'[11,40]',	2),
(459,	'2017-01-26 00:00:00',	'[21,27]',	1),
(460,	'2017-01-26 00:00:00',	'[21,27]',	1),
(461,	'2017-01-26 00:00:00',	'[22,20]',	1),
(462,	'2017-01-26 00:00:00',	'[22,53]',	1),
(463,	'2017-01-26 00:00:00',	'[22,54]',	2),
(464,	'2017-01-26 00:00:00',	'[22,55]',	2),
(465,	'2017-01-26 00:00:00',	'[22,55]',	2),
(466,	'2017-01-26 00:00:00',	'[22,56]',	1),
(467,	'2017-01-26 00:00:00',	'[22,56]',	1),
(468,	'2017-01-26 00:00:00',	'[23,15]',	1),
(469,	'2017-01-26 00:00:00',	'[23,15]',	1),
(470,	'2017-01-26 00:00:00',	'[22,55]',	2),
(471,	'2017-01-26 00:00:00',	'[22,55]',	2),
(472,	'2017-01-26 00:00:00',	'[22,55]',	2),
(473,	'2017-01-26 00:00:00',	'[22,55]',	2),
(474,	'2017-01-26 00:00:00',	'[23,21]',	1),
(475,	'2017-01-26 00:00:00',	'[23,21]',	2),
(476,	'2017-01-26 00:00:00',	'[23,31]',	2),
(477,	'2017-01-26 00:00:00',	'[23,31]',	2),
(478,	'2017-01-26 00:00:00',	'[23,41]',	1),
(479,	'2017-01-26 00:00:00',	'[23,43]',	1),
(480,	'2017-01-27 00:00:00',	'[11,53]',	1),
(481,	'2017-01-27 00:00:00',	'[11,54]',	1),
(482,	'2017-01-27 00:00:00',	'[11,55]',	1),
(483,	'2017-01-30 00:00:00',	'[11,56]',	2),
(484,	'2017-01-30 00:00:00',	'[11,55]',	2),
(485,	'2017-01-30 00:00:00',	'[11,15]',	2),
(486,	'2017-01-30 00:00:00',	'[11,15]',	2),
(487,	'2017-01-30 00:00:00',	'[11,16]',	2),
(488,	'2017-01-30 00:00:00',	'[11,16]',	2),
(489,	'2017-01-30 00:00:00',	'[11,17]',	2),
(490,	'2017-01-30 00:00:00',	'[12,6]',	2),
(491,	'2017-01-30 00:00:00',	'[12,8]',	1),
(492,	'2017-01-30 00:00:00',	'[12,10]',	1),
(493,	'2017-01-30 00:00:00',	'[13,9]',	1),
(494,	'2017-01-30 00:00:00',	'[13,9]',	1),
(495,	'2017-01-30 00:00:00',	'[13,10]',	1),
(496,	'2017-01-30 00:00:00',	'[13,18]',	1),
(497,	'2017-01-30 00:00:00',	'[13,31]',	1),
(498,	'2017-01-30 00:00:00',	'[13,34]',	1),
(499,	'2017-01-30 00:00:00',	'[13,36]',	2),
(500,	'2017-01-30 00:00:00',	'[15,50]',	1),
(501,	'2017-01-30 00:00:00',	'[15,54]',	1),
(502,	'2017-01-26 00:00:00',	'[21,27]',	1),
(503,	'2017-01-30 00:00:00',	'[16,23]',	1),
(504,	'0116-11-05 00:00:00',	'[11,40]',	2),
(505,	'0116-11-05 00:00:00',	'[11,40]',	2),
(506,	'0116-11-05 00:00:00',	'[11,40]',	2),
(507,	'0116-11-05 00:00:00',	'[11,40]',	2),
(508,	'0116-11-05 00:00:00',	'[11,40]',	2),
(509,	'0116-11-05 00:00:00',	'[11,40]',	2),
(510,	'0116-11-05 00:00:00',	'[11,40]',	2),
(511,	'0116-11-05 00:00:00',	'[11,40]',	2),
(512,	'0116-11-05 00:00:00',	'[11,40]',	2),
(513,	'2017-02-03 00:00:00',	'[16,28]',	1),
(514,	'2017-02-03 00:00:00',	'[17,7]',	1),
(515,	'2017-02-06 00:00:00',	'[11,54]',	1),
(516,	'2017-02-06 00:00:00',	'[12,11]',	1),
(517,	'2017-02-06 00:00:00',	'[12,21]',	1),
(518,	'2017-02-06 00:00:00',	'[12,22]',	1),
(519,	'2017-02-06 00:00:00',	'[12,28]',	1),
(520,	'2017-02-06 00:00:00',	'[12,29]',	1),
(521,	'2017-02-06 00:00:00',	'[12,29]',	1),
(522,	'2017-02-06 00:00:00',	'[12,29]',	1),
(523,	'2017-02-06 00:00:00',	'[12,56]',	1),
(524,	'2017-02-06 00:00:00',	'[12,57]',	1),
(525,	'2017-02-06 00:00:00',	'[16,6]',	1),
(526,	'2017-02-06 00:00:00',	'[16,9]',	1),
(527,	'2017-02-06 00:00:00',	'[16,16]',	1),
(528,	'2017-02-06 00:00:00',	'[16,24]',	1),
(529,	'2017-02-06 00:00:00',	'[16,26]',	1),
(530,	'2017-02-06 00:00:00',	'[16,36]',	1),
(531,	'2017-02-06 00:00:00',	'[16,39]',	1),
(532,	'2017-02-06 00:00:00',	'[16,42]',	1),
(533,	'2017-02-06 00:00:00',	'[16,45]',	1),
(534,	'2017-02-06 00:00:00',	'[16,49]',	1),
(535,	'2017-02-06 00:00:00',	'[16,56]',	1),
(536,	'2017-02-06 00:00:00',	'[17,2]',	1),
(537,	'2017-02-06 00:00:00',	'[17,3]',	1),
(538,	'2017-02-06 00:00:00',	'[17,5]',	1),
(539,	'2017-02-06 00:00:00',	'[17,7]',	1),
(540,	'2017-02-06 00:00:00',	'[17,7]',	1),
(541,	'2017-02-06 00:00:00',	'[17,13]',	1),
(542,	'2017-02-06 00:00:00',	'[17,17]',	1),
(543,	'2017-02-06 00:00:00',	'[17,18]',	1),
(544,	'2017-02-06 00:00:00',	'[17,26]',	1),
(545,	'2017-02-06 00:00:00',	'[17,29]',	1),
(546,	'2017-02-06 00:00:00',	'[17,35]',	1),
(547,	'2017-02-06 00:00:00',	'[17,38]',	1),
(548,	'2017-02-06 00:00:00',	'[17,40]',	1),
(549,	'2017-02-06 00:00:00',	'[17,43]',	1),
(550,	'2017-02-06 00:00:00',	'[17,45]',	1),
(551,	'2017-02-06 00:00:00',	'[17,45]',	1),
(552,	'2017-02-06 00:00:00',	'[17,45]',	1),
(553,	'2017-02-06 00:00:00',	'[17,45]',	1),
(554,	'2017-02-06 00:00:00',	'[17,46]',	1),
(555,	'2017-02-06 00:00:00',	'[17,46]',	1),
(556,	'2017-02-07 00:00:00',	'[11,37]',	1),
(557,	'2017-02-07 00:00:00',	'[11,38]',	1),
(558,	'2017-02-07 00:00:00',	'[11,38]',	1),
(559,	'2017-02-07 00:00:00',	'[11,38]',	1),
(560,	'2017-02-07 00:00:00',	'[11,47]',	1),
(561,	'2017-02-07 00:00:00',	'[11,47]',	1),
(562,	'2017-02-07 00:00:00',	'[11,47]',	1),
(563,	'2017-02-07 00:00:00',	'[11,47]',	1),
(564,	'2017-02-07 00:00:00',	'[12,1]',	1),
(565,	'2017-02-07 00:00:00',	'[12,2]',	1),
(566,	'2017-02-07 00:00:00',	'[12,2]',	1),
(567,	'2017-02-07 00:00:00',	'[12,2]',	1),
(568,	'2017-02-07 00:00:00',	'[12,2]',	1),
(569,	'2017-02-07 00:00:00',	'[12,2]',	1),
(570,	'2017-02-07 00:00:00',	'[12,3]',	1),
(571,	'2017-02-07 00:00:00',	'[12,3]',	1),
(572,	'2017-02-07 00:00:00',	'[12,3]',	1),
(573,	'2017-02-07 00:00:00',	'[12,4]',	1),
(574,	'2017-02-07 00:00:00',	'[12,4]',	1),
(575,	'2017-02-07 00:00:00',	'[12,4]',	1),
(576,	'2017-02-07 00:00:00',	'[12,5]',	1),
(577,	'2017-02-07 00:00:00',	'[12,5]',	1),
(578,	'2017-02-07 00:00:00',	'[12,5]',	1),
(579,	'2017-02-07 00:00:00',	'[12,28]',	1),
(580,	'2017-03-06 00:00:00',	'[11,55]',	1),
(581,	'2017-03-06 00:00:00',	'[11,57]',	2),
(582,	'2017-03-06 00:00:00',	'[12,32]',	1),
(583,	'2017-03-06 00:00:00',	'[12,40]',	1),
(584,	'2017-03-06 00:00:00',	'[12,42]',	1),
(585,	'2017-03-06 00:00:00',	'[12,44]',	1),
(586,	'2017-03-06 00:00:00',	'[15,55]',	1),
(587,	'2017-03-06 00:00:00',	'[16,14]',	3),
(588,	'2017-03-06 00:00:00',	'[15,56]',	2),
(589,	'2017-03-07 00:00:00',	'[11,50]',	3),
(590,	'2017-03-07 00:00:00',	'[11,31]',	1),
(591,	'2017-03-07 00:00:00',	'[11,50]',	3),
(592,	'2017-03-07 00:00:00',	'[11,51]',	3),
(593,	'2017-03-07 00:00:00',	'[11,33]',	1),
(594,	'2017-03-07 00:00:00',	'[12,18]',	3),
(595,	'2017-03-07 00:00:00',	'[12,21]',	3),
(596,	'2017-03-07 00:00:00',	'[12,20]',	3),
(597,	'2017-03-07 00:00:00',	'[12,21]',	3),
(598,	'2017-03-07 00:00:00',	'[12,21]',	3),
(599,	'2017-03-07 00:00:00',	'[12,3]',	1),
(600,	'2017-03-07 00:00:00',	'[12,21]',	3),
(601,	'2017-03-07 00:00:00',	'[12,21]',	3),
(602,	'2017-03-07 00:00:00',	'[12,22]',	3),
(603,	'2017-03-07 00:00:00',	'[12,5]',	1),
(604,	'2017-03-17 00:00:00',	'[12,22]',	3),
(605,	'2017-03-17 00:00:00',	'[12,23]',	3),
(606,	'2017-03-13 00:00:00',	'[18,57]',	3),
(607,	'2017-03-13 00:00:00',	'[18,49]',	1),
(608,	'2017-03-13 00:00:00',	'[18,49]',	2),
(609,	'2017-03-13 00:00:00',	'[18,59]',	3),
(610,	'2017-03-13 00:00:00',	'[18,59]',	3),
(611,	'2017-03-13 00:00:00',	'[18,48]',	1),
(612,	'2017-03-13 00:00:00',	'[18,49]',	1),
(613,	'2017-03-13 00:00:00',	'[18,50]',	1),
(614,	'2017-03-13 00:00:00',	'[19,4]',	3),
(615,	'2017-03-13 00:00:00',	'[19,5]',	3),
(616,	'2017-03-13 00:00:00',	'[18,54]',	1),
(617,	'2017-03-13 00:00:00',	'[18,55]',	1),
(621,	'2017-03-21 08:25:00',	'[200]',	2),
(622,	'2017-03-22 08:45:00',	'[200]',	2),
(623,	NULL,	'[200]',	2),
(624,	NULL,	'[200]',	2),
(625,	NULL,	'[200]',	2),
(626,	NULL,	'[200]',	2),
(627,	NULL,	'[200]',	2),
(628,	NULL,	'[200]',	2),
(629,	NULL,	'[200]',	2),
(630,	NULL,	'[200]',	2),
(631,	'2017-07-18 00:00:00',	'[11,11]',	1),
(632,	'2017-03-13 00:00:00',	'[11,14]',	2),
(633,	'2017-03-13 00:00:00',	'[11,15]',	2),
(634,	'2017-07-18 00:00:00',	'[11,14]',	2),
(635,	'2017-07-18 00:00:00',	'[11,12]',	1),
(636,	'2017-07-18 00:00:00',	'[11,25]',	2),
(637,	'2017-07-18 00:00:00',	'[11,34]',	2),
(638,	'2017-07-18 00:00:00',	'[11,29]',	2),
(639,	'2017-07-18 00:00:00',	'[12,0]',	1),
(640,	'2017-07-18 00:00:00',	'[11,11]',	1),
(641,	'2017-07-18 00:00:00',	'[19,13]',	1),
(642,	'2017-07-18 00:00:00',	'[19,13]',	1),
(643,	'2017-07-18 00:00:00',	'[19,13]',	1),
(646,	'2017-07-28 10:10:00',	'[8,30]',	4),
(649,	'2017-07-28 10:10:00',	'520',	4),
(650,	'2017-07-31 10:10:00',	'520',	4),
(651,	'2017-07-31 08:10:00',	'520',	4),
(652,	'2017-07-31 08:10:00',	'520',	4),
(653,	'2017-08-07 00:05:00',	'10',	4),
(654,	'2017-08-07 00:05:00',	'10',	5),
(655,	'2017-08-07 00:05:00',	'10',	6),
(656,	'2017-08-07 00:05:00',	'10',	4),
(657,	'2017-08-07 00:05:00',	'10',	5),
(658,	'2017-08-07 00:05:00',	'10',	6),
(659,	'2017-08-07 00:05:00',	'10',	4),
(660,	'2017-08-07 00:05:00',	'10',	5),
(661,	'2017-08-07 00:05:00',	'10',	6),
(662,	'2017-08-07 00:05:00',	'10',	4),
(663,	'2017-08-07 00:05:00',	'10',	5),
(664,	'2017-08-07 00:05:00',	'10',	6),
(665,	'2017-08-07 00:05:00',	'10',	4),
(666,	'2017-08-07 00:05:00',	'10',	5),
(667,	'2017-08-07 00:05:00',	'10',	6),
(668,	'2017-08-07 00:05:00',	'10',	4),
(669,	'2017-08-07 00:05:00',	'10',	5),
(670,	'2017-08-07 00:05:00',	'10',	6),
(671,	'2017-08-07 00:05:00',	'10',	4),
(672,	'2017-08-07 00:05:00',	'10',	5),
(673,	'2017-08-07 00:05:00',	'10',	6),
(674,	'2017-08-07 00:05:00',	'10',	4),
(675,	'2017-08-07 00:05:00',	'10',	5),
(676,	'2017-08-07 00:05:00',	'10',	6),
(677,	'2017-08-07 00:05:00',	'10',	4),
(678,	'2017-08-07 00:05:00',	'10',	5),
(679,	'2017-08-07 00:05:00',	'10',	6),
(680,	'2017-08-07 00:05:00',	'10',	4),
(681,	'2017-08-07 00:05:00',	'10',	5),
(682,	'2017-08-07 00:05:00',	'10',	6),
(683,	'2017-08-07 00:05:00',	'10',	4),
(684,	'2017-08-07 00:05:00',	'10',	5),
(685,	'2017-08-07 00:05:00',	'10',	6),
(686,	'2017-08-07 00:05:00',	'10',	4),
(687,	'2017-08-07 00:05:00',	'10',	5),
(688,	'2017-08-07 00:05:00',	'10',	6),
(689,	'2017-08-07 00:05:00',	'10',	4),
(690,	'2017-08-07 00:05:00',	'10',	5),
(691,	'2017-08-07 00:05:00',	'10',	6),
(692,	'2017-08-07 00:05:00',	'10',	4),
(693,	'2017-08-07 00:05:00',	'10',	5),
(694,	'2017-08-07 00:05:00',	'10',	6),
(695,	'2017-08-07 00:05:00',	'10',	4),
(696,	'2017-08-07 00:05:00',	'10',	5),
(697,	'2017-08-07 00:05:00',	'10',	6),
(698,	'2017-08-07 00:05:00',	'10',	4),
(699,	'2017-08-07 00:05:00',	'10',	5),
(700,	'2017-08-07 00:05:00',	'10',	6),
(701,	'2017-08-07 00:05:00',	'10',	4),
(702,	'2017-08-07 00:05:00',	'10',	5),
(703,	'2017-08-07 00:05:00',	'10',	6),
(704,	'2017-08-07 00:05:00',	'10',	4),
(705,	'2017-08-07 00:05:00',	'10',	5),
(706,	'2017-08-07 00:05:00',	'10',	6),
(707,	'2017-08-07 00:05:00',	'10',	4),
(708,	'2017-08-07 00:05:00',	'10',	5),
(709,	'2017-08-07 00:05:00',	'10',	6),
(710,	'2017-08-07 00:05:00',	'10',	4),
(711,	'2017-08-07 00:05:00',	'10',	5),
(712,	'2017-08-07 00:05:00',	'10',	6),
(713,	'2017-08-07 00:05:00',	'10',	4),
(714,	'2017-08-07 00:05:00',	'10',	5),
(715,	'2017-08-07 00:05:00',	'10',	6),
(716,	'2017-08-07 00:05:00',	'10',	4),
(717,	'2017-08-07 00:05:00',	'10',	5),
(718,	'2017-08-07 00:05:00',	'10',	6),
(719,	'2017-08-07 00:05:00',	'10',	4),
(720,	'2017-08-07 00:05:00',	'10',	5),
(721,	'2017-08-07 00:05:00',	'10',	6),
(722,	'2017-08-07 00:05:00',	'10',	4),
(723,	'2017-08-07 00:05:00',	'10',	5),
(724,	'2017-08-07 00:05:00',	'10',	6),
(725,	'2017-08-07 00:05:00',	'10',	4),
(726,	'2017-08-07 00:05:00',	'10',	5),
(727,	'2017-08-07 00:05:00',	'10',	6),
(728,	'2017-08-07 00:05:00',	'10',	4),
(729,	'2017-08-07 00:05:00',	'10',	5),
(730,	'2017-08-07 00:05:00',	'10',	6),
(731,	'2017-08-11 11:20:00',	'10',	4),
(732,	'2017-08-11 11:20:00',	'10',	5),
(733,	'2017-08-11 11:20:00',	'10',	6),
(734,	'2017-08-11 11:20:00',	'10',	4),
(735,	'2017-08-11 11:20:00',	'10',	5),
(736,	'2017-08-11 11:20:00',	'10',	6),
(737,	'2017-08-11 11:20:00',	'10',	4),
(738,	'2017-08-11 11:20:00',	'10',	5),
(739,	'2017-08-11 11:20:00',	'10',	6),
(740,	'2017-08-11 11:20:00',	'10',	4),
(741,	'2017-08-11 11:20:00',	'10',	5),
(742,	'2017-08-11 11:20:00',	'10',	6),
(743,	'2017-08-11 11:20:00',	'10',	4),
(744,	'2017-08-11 11:20:00',	'10',	5),
(745,	'2017-08-11 11:20:00',	'10',	6),
(746,	'2017-08-11 11:20:00',	'10',	4),
(747,	'2017-08-11 11:20:00',	'10',	5),
(748,	'2017-08-11 11:20:00',	'10',	6),
(749,	'2018-02-21 00:08:00',	'0',	4),
(750,	'2018-02-21 00:08:00',	'0',	5),
(751,	'2018-02-21 00:08:00',	'0',	6),
(752,	'2018-02-21 00:00:00',	'0',	4),
(753,	'2018-02-21 00:00:00',	'0',	5),
(754,	'2018-02-21 00:00:00',	'0',	6),
(755,	'2018-02-21 00:00:00',	'0',	4),
(756,	'2018-02-21 00:00:00',	'0',	5),
(757,	'2018-02-21 00:00:00',	'0',	6),
(758,	'2018-02-21 00:27:00',	'16',	4),
(759,	'2018-02-21 00:27:00',	'15',	5),
(760,	'2018-02-21 00:27:00',	'0',	6),
(761,	'2018-02-21 14:33:00',	'4',	4),
(762,	'2018-02-21 14:33:00',	'2',	5),
(763,	'2018-02-21 14:33:00',	'0',	6),
(764,	'2018-02-21 14:44:00',	'1',	4),
(765,	'2018-02-21 14:44:00',	'1',	5),
(766,	'2018-02-21 14:44:00',	'0',	6),
(767,	'2018-02-21 15:50:00',	'2',	4),
(768,	'2018-02-21 15:50:00',	'1',	5),
(769,	'2018-02-21 15:50:00',	'0',	6),
(770,	'2018-02-21 16:07:00',	'3',	4),
(771,	'2018-02-21 16:07:00',	'3',	5),
(772,	'2018-02-21 16:07:00',	'0',	6),
(773,	'2018-02-21 16:07:00',	'3',	4),
(774,	'2018-02-21 16:07:00',	'3',	5),
(775,	'2018-02-21 16:07:00',	'0',	6),
(776,	'2018-02-22 16:07:00',	'3',	4),
(777,	'2018-02-22 16:07:00',	'3',	5),
(778,	'2018-02-22 16:07:00',	'0',	6),
(779,	'2018-02-22 11:37:00',	'2',	4),
(780,	'2018-02-22 11:37:00',	'1',	5),
(781,	'2018-02-22 11:37:00',	'0',	6),
(782,	'2018-02-22 00:03:00',	'18',	4),
(783,	'2018-02-22 00:03:00',	'16',	5),
(784,	'2018-02-22 00:03:00',	'0',	6),
(785,	'2018-02-22 00:00:00',	'0',	4),
(786,	'2018-02-22 00:00:00',	'0',	5),
(787,	'2018-02-22 00:00:00',	'0',	6),
(788,	'2018-02-22 00:00:00',	'0',	4),
(789,	'2018-02-22 00:00:00',	'0',	5),
(790,	'2018-02-22 00:00:00',	'0',	6),
(791,	'2018-02-22 00:00:00',	'0',	4),
(792,	'2018-02-22 00:00:00',	'0',	5),
(793,	'2018-02-22 00:00:00',	'0',	6),
(794,	'2018-02-22 00:00:00',	'0',	4),
(795,	'2018-02-22 00:00:00',	'0',	5),
(796,	'2018-02-22 00:00:00',	'0',	6),
(797,	'2018-02-22 00:00:00',	'0',	4),
(798,	'2018-02-22 00:00:00',	'0',	5),
(799,	'2018-02-22 00:00:00',	'0',	6),
(800,	'2018-02-22 13:46:00',	'0',	4),
(801,	'2018-02-22 13:46:00',	'0',	5),
(802,	'2018-02-22 13:46:00',	'0',	6),
(803,	'2018-02-22 00:00:00',	'0',	4),
(804,	'2018-02-22 00:00:00',	'0',	5),
(805,	'2018-02-22 00:00:00',	'0',	6),
(806,	'2018-02-22 00:00:00',	'0',	4),
(807,	'2018-02-22 00:00:00',	'0',	5),
(808,	'2018-02-22 00:00:00',	'0',	6),
(809,	'2018-02-22 00:00:00',	'0',	4),
(810,	'2018-02-22 00:00:00',	'0',	5),
(811,	'2018-02-22 00:00:00',	'0',	6);

DROP TABLE IF EXISTS `Permiso`;
CREATE TABLE `Permiso` (
  `ID` int(11) NOT NULL,
  `DESDE` datetime NOT NULL,
  `HASTA` datetime NOT NULL,
  `NUMUSOS` int(11) DEFAULT NULL,
  `PERIODOUSO` double DEFAULT NULL,
  `EQUIPO_NUMSERIE` varchar(255) NOT NULL,
  `TRABAJADOR_ID` int(11) NOT NULL,
  PRIMARY KEY (`ID`),
  KEY `FK_Permiso_EQUIPO_NUMSERIE` (`EQUIPO_NUMSERIE`),
  KEY `FK_Permiso_TRABAJADOR_ID` (`TRABAJADOR_ID`),
  CONSTRAINT `FK_Permiso_EQUIPO_NUMSERIE` FOREIGN KEY (`EQUIPO_NUMSERIE`) REFERENCES `Equipo` (`NUMSERIE`),
  CONSTRAINT `FK_Permiso_TRABAJADOR_ID` FOREIGN KEY (`TRABAJADOR_ID`) REFERENCES `Trabajador` (`ID`)
) ENGINE=InnoDB DEFAULT CHARSET=utf8mb3 COLLATE=utf8mb3_general_ci;

INSERT INTO `Permiso` (`ID`, `DESDE`, `HASTA`, `NUMUSOS`, `PERIODOUSO`, `EQUIPO_NUMSERIE`, `TRABAJADOR_ID`) VALUES
(21,	'2016-11-09 10:31:40',	'2017-03-07 00:00:00',	5,	30,	'5556033JJ',	4),
(22,	'2017-01-04 00:00:00',	'2017-11-15 00:00:00',	30,	100,	'4454323sd',	1),
(23,	'2016-11-09 10:31:40',	'2016-11-19 10:31:40',	10,	25,	'rr544mmj',	2),
(24,	'2016-11-09 10:31:40',	'2017-03-24 00:00:00',	10,	25,	'rr544mmj',	3),
(25,	'2016-11-09 10:31:40',	'2016-11-19 10:31:40',	10,	25,	'rr544mmj',	4),
(53,	'2017-09-01 00:00:00',	'2017-09-30 00:00:00',	0,	0,	'1220',	52),
(102,	'2016-11-10 00:00:00',	'2016-11-11 00:00:00',	0,	0,	'rr544mmj',	101),
(104,	'2016-11-10 00:00:00',	'2016-11-12 00:00:00',	0,	0,	'4454323sd',	103),
(107,	'2018-01-17 00:00:00',	'2018-01-31 00:00:00',	0,	0,	'4454323sd',	101),
(110,	'2018-01-17 00:00:00',	'2018-01-31 00:00:00',	0,	0,	'1230',	101),
(198,	'2017-10-01 00:00:00',	'2017-10-31 00:00:00',	0,	0,	'1220',	101),
(204,	'2018-01-24 00:00:00',	'2018-02-28 00:00:00',	0,	0,	'1210',	101),
(205,	'2018-02-21 00:00:00',	'2018-03-30 00:00:00',	0,	0,	'1210',	103),
(582,	'2018-02-20 00:00:00',	'2018-03-30 00:00:00',	0,	0,	'1220',	103),
(583,	'2018-02-24 00:00:00',	'2018-03-31 00:00:00',	0,	0,	'1230',	103),
(584,	'2017-10-01 00:00:00',	'2017-10-31 00:00:00',	0,	0,	'1230',	101),
(766,	'2017-01-06 00:00:00',	'2017-02-18 00:00:00',	0,	0,	'1230',	3),
(901,	'2017-01-21 00:00:00',	'2017-02-11 00:00:00',	0,	0,	'1210',	1),
(902,	'2017-01-21 00:00:00',	'2017-02-11 00:00:00',	0,	0,	'1210',	3),
(903,	'2017-01-06 00:00:00',	'2017-01-21 00:00:00',	0,	0,	'1210',	1);

DROP TABLE IF EXISTS `SEQUENCE`;
CREATE TABLE `SEQUENCE` (
  `SEQ_NAME` varchar(50) NOT NULL,
  `SEQ_COUNT` decimal(38,0) DEFAULT NULL,
  PRIMARY KEY (`SEQ_NAME`)
) ENGINE=InnoDB DEFAULT CHARSET=utf8mb3 COLLATE=utf8mb3_general_ci;

INSERT INTO `SEQUENCE` (`SEQ_NAME`, `SEQ_COUNT`) VALUES
('SEQ_GEN',	100);

DROP TABLE IF EXISTS `TipoIncidencia`;
CREATE TABLE `TipoIncidencia` (
  `ID` int(11) NOT NULL AUTO_INCREMENT,
  `CODIGO` varchar(255) NOT NULL,
  `DESCRIPCION` varchar(255) NOT NULL,
  `ELIMINADO` tinyint(1) DEFAULT 0,
  `EQUIPO_NUMSERIE` varchar(255) DEFAULT NULL,
  PRIMARY KEY (`ID`),
  UNIQUE KEY `UNQ_TipoIncidencia_0` (`CODIGO`,`EQUIPO_NUMSERIE`),
  KEY `FK_TipoIncidencia_EQUIPO_NUMSERIE` (`EQUIPO_NUMSERIE`),
  CONSTRAINT `FK_TipoIncidencia_EQUIPO_NUMSERIE` FOREIGN KEY (`EQUIPO_NUMSERIE`) REFERENCES `Equipo` (`NUMSERIE`)
) ENGINE=InnoDB DEFAULT CHARSET=utf8mb3 COLLATE=utf8mb3_general_ci;

INSERT INTO `TipoIncidencia` (`ID`, `CODIGO`, `DESCRIPCION`, `ELIMINADO`, `EQUIPO_NUMSERIE`) VALUES
(1,	'1',	'Acceso denegado',	0,	'2342ewdfw'),
(2,	'23',	'Error al arrancar la máquina',	0,	'2342ewdfw'),
(3,	'1',	'Fallo en la operacion',	0,	'asd1324'),
(4,	'1',	'Acceso no autorizado',	0,	'788845'),
(5,	'2',	'Numero de usos superado',	0,	'788845'),
(6,	'1',	'PARADA EMERGENCIA',	0,	'1220'),
(7,	'2',	'Parada de emergencia por palé roto',	0,	'1220'),
(8,	'3',	'Parada de emergencia por caja rota',	0,	'1220'),
(9,	'4',	'Parada de emergencia por atasco de palé',	0,	'1220'),
(10,	'5',	'Parada de emergencia por caja con sobrepeso',	0,	'1220'),
(11,	'1',	'Parada de emergencia de la Cosechadora',	0,	'1210'),
(12,	'2',	'Parada de emergencia de la Empaquetadora',	0,	'1210');

DROP TABLE IF EXISTS `TipoParametro`;
CREATE TABLE `TipoParametro` (
  `ID` int(11) NOT NULL AUTO_INCREMENT,
  `CODIGO` varchar(255) NOT NULL,
  `DESCRIPCION` varchar(255) NOT NULL,
  `ELIMINADO` tinyint(1) DEFAULT 0,
  `MEDIDA` varchar(255) NOT NULL,
  `EQUIPO_NUMSERIE` varchar(255) DEFAULT NULL,
  PRIMARY KEY (`ID`),
  UNIQUE KEY `UNQ_TipoParametro_0` (`CODIGO`,`EQUIPO_NUMSERIE`),
  KEY `FK_TipoParametro_EQUIPO_NUMSERIE` (`EQUIPO_NUMSERIE`),
  CONSTRAINT `FK_TipoParametro_EQUIPO_NUMSERIE` FOREIGN KEY (`EQUIPO_NUMSERIE`) REFERENCES `Equipo` (`NUMSERIE`)
) ENGINE=InnoDB DEFAULT CHARSET=utf8mb3 COLLATE=utf8mb3_general_ci;

INSERT INTO `TipoParametro` (`ID`, `CODIGO`, `DESCRIPCION`, `ELIMINADO`, `MEDIDA`, `EQUIPO_NUMSERIE`) VALUES
(1,	'2',	'minn',	1,	'8',	'1220'),
(2,	'1',	'cm',	1,	'0',	'1220'),
(3,	'1',	'Hora de Acceso',	1,	'0',	'1230'),
(4,	'1',	'Velocidad de la cadena de cestos',	0,	'Cestos/min',	'1210'),
(5,	'2',	'Promedio de cestos llenos que entran en la cosechadora',	0,	'Cestos llenos/min',	'1210'),
(6,	'3',	'Velocidad media de la empaquetadora',	0,	'Paquetes/min',	'1210');

DROP TABLE IF EXISTS `Trabajador`;
CREATE TABLE `Trabajador` (
  `ID` int(11) NOT NULL,
  `DNI` varchar(255) NOT NULL,
  `ACTIVO` tinyint(1) DEFAULT 0,
  `APELLIDOS` varchar(255) NOT NULL,
  `BORRADO` tinyint(1) DEFAULT 0,
  `NOMBRE` varchar(255) NOT NULL,
  `URLIMAGEN` varchar(255) DEFAULT NULL,
  `USUARIO_NOMBRE` varchar(255) DEFAULT NULL,
  PRIMARY KEY (`ID`),
  KEY `FK_Trabajador_USUARIO_NOMBRE` (`USUARIO_NOMBRE`),
  CONSTRAINT `FK_Trabajador_USUARIO_NOMBRE` FOREIGN KEY (`USUARIO_NOMBRE`) REFERENCES `User` (`EMAIL`)
) ENGINE=InnoDB DEFAULT CHARSET=utf8mb3 COLLATE=utf8mb3_general_ci;

INSERT INTO `Trabajador` (`ID`, `DNI`, `ACTIVO`, `APELLIDOS`, `BORRADO`, `NOMBRE`, `URLIMAGEN`, `USUARIO_NOMBRE`) VALUES
(1,	'48696425S',	0,	'Muñoz García',	0,	'Isa',	'url',	'isa@gmail.com'),
(2,	'48737194X',	1,	'Calin Sanchez',	0,	'Mario',	'url',	NULL),
(3,	'15467895Y',	1,	'Martinez Lopez',	0,	'Pepe',	'url',	NULL),
(4,	'18795487X',	0,	'Rodriguez Anton',	0,	'Jose',	'url',	NULL),
(5,	'17785487E',	0,	'Sanchez Frutos',	0,	'Miguel',	'url',	NULL),
(6,	'33339487E',	1,	'López Cortés',	0,	'Laura',	'url',	NULL),
(7,	'66666666E',	0,	'Muñoz',	0,	'Fran',	'url',	NULL),
(8,	'487521569R',	0,	'Frutos',	0,	'Jose',	'url',	NULL),
(51,	'42123456X',	1,	'Worker',	0,	'Worker',	'',	NULL),
(52,	'11111',	1,	'llejas',	0,	'paco',	'',	NULL),
(101,	'Y0854186A',	1,	'SALCEDO',	0,	'GUSTAVO',	'',	NULL),
(103,	'252625222E',	1,	'MACIAN',	0,	'ALVARO',	'',	NULL);

DROP TABLE IF EXISTS `Uso`;
CREATE TABLE `Uso` (
  `ID` int(11) NOT NULL AUTO_INCREMENT,
  `ESTADO` tinyint(1) DEFAULT 0,
  `FECHAUSO` datetime NOT NULL,
  `HORAFIN` varchar(255) DEFAULT NULL,
  `HORAINICIO` varchar(255) DEFAULT NULL,
  `EQUIPO_NUMSERIE` varchar(255) NOT NULL,
  `TRABAJADOR_ID` int(11) NOT NULL,
  PRIMARY KEY (`ID`),
  KEY `FK_Uso_TRABAJADOR_ID` (`TRABAJADOR_ID`),
  KEY `FK_Uso_EQUIPO_NUMSERIE` (`EQUIPO_NUMSERIE`),
  CONSTRAINT `FK_Uso_EQUIPO_NUMSERIE` FOREIGN KEY (`EQUIPO_NUMSERIE`) REFERENCES `Equipo` (`NUMSERIE`),
  CONSTRAINT `FK_Uso_TRABAJADOR_ID` FOREIGN KEY (`TRABAJADOR_ID`) REFERENCES `Trabajador` (`ID`)
) ENGINE=InnoDB DEFAULT CHARSET=utf8mb3 COLLATE=utf8mb3_general_ci;

INSERT INTO `Uso` (`ID`, `ESTADO`, `FECHAUSO`, `HORAFIN`, `HORAINICIO`, `EQUIPO_NUMSERIE`, `TRABAJADOR_ID`) VALUES
(1,	0,	'2017-07-18 00:00:00',	NULL,	NULL,	'1220',	103),
(2,	0,	'2017-03-13 00:00:00',	NULL,	NULL,	'1220',	101),
(3,	0,	'2017-03-13 00:00:00',	NULL,	NULL,	'1220',	101),
(4,	0,	'2017-07-18 00:00:00',	NULL,	NULL,	'1220',	101),
(5,	0,	'2017-07-18 00:00:00',	NULL,	NULL,	'1220',	103),
(6,	0,	'2017-07-18 00:00:00',	NULL,	NULL,	'1220',	101),
(7,	0,	'2017-07-18 00:00:00',	NULL,	NULL,	'1220',	101),
(8,	0,	'2017-07-18 00:00:00',	NULL,	NULL,	'1220',	101),
(15,	0,	'2017-07-18 00:00:00',	NULL,	NULL,	'1220',	103),
(16,	0,	'2017-07-18 00:00:00',	NULL,	NULL,	'1220',	103),
(17,	0,	'2017-07-18 00:00:00',	NULL,	NULL,	'1220',	103),
(18,	0,	'2017-07-18 00:00:00',	NULL,	NULL,	'1220',	103),
(19,	0,	'2017-07-18 00:00:00',	NULL,	NULL,	'1220',	103),
(20,	0,	'2017-07-18 00:00:00',	NULL,	NULL,	'1220',	103),
(256,	0,	'2017-07-02 10:10:00',	'10,10',	'8,10',	'2342ewdfw',	1),
(257,	0,	'2017-07-13 10:10:00',	'10,10',	'8,10',	'1210',	1),
(258,	0,	'2017-07-10 10:10:00',	'10,10',	'8,10',	'1210',	1),
(259,	0,	'2017-07-10 10:10:00',	'10,10',	'8,10',	'1220',	1),
(260,	0,	'2017-07-11 10:10:00',	'10,10',	'8,10',	'1220',	1),
(262,	0,	'2017-07-08 10:10:00',	'',	'10,10',	'2342ewdfw',	1),
(263,	0,	'2017-10-02 10:10:00',	'10,10',	'8,10',	'2342ewdfw',	1),
(264,	0,	'2017-10-02 10:10:00',	'10,10',	'8,10',	'2342ewdfw',	1),
(265,	0,	'2017-07-08 10:10:00',	'10,10',	'8,10',	'2342ewdfw',	1),
(266,	0,	'2017-07-08 10:10:00',	'10,10',	'8,10',	'1220',	1),
(267,	0,	'2017-07-19 08:00:00',	'',	'8,0',	'2342ewdfw',	7),
(268,	1,	'2017-07-18 08:00:00',	'',	'8,0',	'2342ewdfw',	7),
(269,	0,	'2017-07-21 10:30:00',	'10,05',	'10,00',	'1220',	103),
(270,	0,	'2017-07-24 13:20:00',	'11,50',	'10,00',	'1220',	103),
(271,	0,	'2017-07-25 10:20:00',	'10,15',	'10,00',	'1220',	103),
(272,	0,	'2017-07-26 10:17:00',	'10,15',	'10,00',	'1220',	103),
(273,	0,	'2017-07-28 10:10:00',	'10,10',	'8,10',	'1210',	1),
(274,	0,	'2017-07-28 10:10:00',	'10,10',	'8,10',	'1210',	1),
(275,	0,	'2017-07-28 10:10:00',	'10,10',	'8,10',	'1210',	1),
(276,	0,	'2017-07-28 10:10:00',	'10,10',	'8,10',	'1210',	1),
(277,	0,	'2017-07-28 10:10:00',	'10,10',	'8,10',	'1210',	1),
(278,	0,	'2017-07-28 10:10:00',	'10,10',	'8,10',	'1210',	1),
(279,	1,	'2017-07-28 00:27:00',	'',	'12,27',	'1230',	101),
(280,	0,	'2017-07-28 00:40:00',	'',	'12,40',	'1230',	103),
(281,	0,	'2017-07-28 00:40:00',	'',	'12,41',	'1230',	103),
(282,	0,	'2017-07-28 00:40:00',	'',	'12,42',	'1230',	103),
(283,	0,	'2017-07-28 00:40:00',	'',	'12,42',	'1230',	103),
(284,	0,	'2017-07-28 00:43:00',	'',	'12,43',	'1230',	103),
(285,	0,	'2017-07-28 00:43:00',	'',	'12,43',	'1230',	103),
(286,	0,	'2017-07-28 00:43:00',	'',	'12,55',	'1230',	103),
(287,	1,	'2017-07-28 00:52:00',	'',	'12,55',	'1230',	101),
(288,	1,	'2017-07-28 00:52:00',	'',	'13,56',	'1230',	101),
(289,	1,	'2017-07-28 13:56:00',	'',	'13,57',	'1230',	101),
(290,	1,	'2017-07-28 13:59:00',	'',	'13,59',	'1230',	101),
(291,	1,	'2017-07-28 14:19:00',	'',	'14,20',	'1230',	101),
(292,	0,	'2017-07-28 13:43:00',	'',	'13,55',	'1230',	103),
(293,	0,	'2017-07-28 13:43:00',	'',	'14,22',	'1230',	103),
(295,	0,	'2017-07-31 08:10:00',	'12,10',	'8,10',	'1210',	1),
(296,	1,	'2017-07-28 14:22:00',	'',	'14,22',	'1230',	101),
(297,	1,	'2017-07-31 14:00:00',	'',	'14,0',	'1230',	101),
(298,	0,	'2017-07-31 08:10:00',	'12,10',	'8,10',	'1210',	1),
(299,	1,	'2017-08-01 10:18:00',	'',	'10,18',	'1230',	101),
(300,	1,	'2017-08-01 10:34:00',	'',	'10,34',	'1230',	101),
(301,	1,	'2017-08-01 10:35:00',	'',	'10,35',	'1230',	101),
(302,	0,	'2017-08-01 10:37:00',	'',	'10,37',	'1230',	101),
(303,	0,	'2017-08-01 10:38:00',	'',	'10,38',	'1230',	101),
(304,	0,	'2017-08-01 10:38:00',	'',	'10,38',	'1230',	101),
(305,	0,	'2017-08-01 10:38:00',	'',	'10,38',	'1230',	101),
(306,	0,	'2017-08-01 10:39:00',	'',	'10,39',	'1230',	101),
(307,	0,	'2017-08-01 10:39:00',	'',	'10,39',	'1230',	101),
(308,	0,	'2017-08-01 10:39:00',	'',	'10,39',	'1230',	101),
(309,	0,	'2017-08-01 10:39:00',	'',	'10,39',	'1230',	101),
(310,	0,	'2017-08-01 10:39:00',	'',	'10,39',	'1230',	101),
(311,	0,	'2017-08-01 10:40:00',	'',	'10,40',	'1230',	101),
(312,	0,	'2017-08-08 10:38:00',	'',	'10,38',	'1230',	101),
(313,	0,	'2017-08-08 10:40:00',	'',	'10,40',	'1230',	101),
(314,	0,	'2017-08-08 10:40:00',	'',	'10,40',	'1230',	101),
(315,	0,	'2017-08-08 10:40:00',	'',	'10,40',	'1230',	101),
(316,	0,	'2017-08-08 10:40:00',	'10,50',	'10,40',	'1220',	101),
(317,	0,	'2017-08-08 10:40:00',	'10,50',	'10,40',	'1220',	101),
(318,	0,	'2017-08-08 10:40:00',	'10,50',	'10,40',	'1220',	101),
(319,	0,	'2017-08-07 10:10:00',	'10,20',	'10,10',	'1220',	103),
(320,	0,	'2017-08-07 10:10:00',	'10,20',	'10,10',	'1220',	103),
(321,	0,	'2017-08-07 10:10:00',	'10,20',	'10,10',	'1220',	103),
(322,	0,	'2017-08-07 10:10:00',	'10,20',	'10,10',	'1220',	103),
(323,	0,	'2017-08-07 10:10:00',	'10,20',	'10,10',	'1220',	103),
(324,	0,	'2017-08-07 10:10:00',	'10,20',	'10,10',	'1220',	103),
(325,	0,	'2017-08-07 10:10:00',	'10,20',	'10,10',	'1220',	103),
(326,	0,	'2017-08-07 10:10:00',	'10,20',	'10,10',	'1220',	103),
(327,	0,	'2017-08-07 10:10:00',	'10,20',	'10,10',	'1220',	103),
(328,	0,	'2017-08-07 11:00:00',	'11,05',	'11,00',	'1220',	103),
(329,	0,	'2017-08-07 11:00:00',	'11,05',	'11,00',	'1220',	103),
(330,	0,	'2017-08-07 11:00:00',	'11,05',	'11,00',	'1220',	103),
(331,	0,	'2017-08-07 11:00:00',	'11,05',	'11,00',	'1220',	103),
(332,	0,	'2017-08-07 11:00:00',	'11,05',	'11,00',	'1220',	103),
(333,	0,	'2017-08-07 11:00:00',	'11,05',	'11,00',	'1220',	103),
(334,	0,	'2017-08-07 11:05:00',	'11,10',	'11,05',	'1220',	103),
(335,	0,	'2017-08-07 11:05:00',	'11,10',	'11,05',	'1220',	103),
(336,	0,	'2017-08-07 11:05:00',	'11,10',	'11,05',	'1220',	103),
(337,	0,	'2017-08-07 11:05:00',	'11,10',	'11,05',	'1220',	103),
(338,	0,	'2017-08-07 11:05:00',	'11,10',	'11,05',	'1220',	103),
(339,	0,	'2017-08-07 11:05:00',	'11,10',	'11,05',	'1220',	103),
(340,	0,	'2017-08-07 11:05:00',	'11,10',	'11,05',	'1220',	103),
(341,	0,	'2017-08-07 11:05:00',	'11,10',	'11,05',	'1220',	103),
(342,	0,	'2017-08-07 11:05:00',	'11,10',	'11,05',	'1220',	103),
(343,	0,	'2017-08-07 11:05:00',	'11,10',	'11,05',	'1220',	103),
(344,	0,	'2017-08-07 11:05:00',	'11,10',	'11,05',	'1220',	103),
(345,	0,	'2017-08-07 11:05:00',	'11,10',	'11,05',	'1220',	103),
(346,	0,	'2017-08-07 11:05:00',	'11,10',	'11,05',	'1220',	103),
(347,	0,	'2017-08-07 11:05:00',	'11,10',	'11,05',	'1220',	103),
(348,	0,	'2017-08-07 11:05:00',	'11,10',	'11,05',	'1220',	103),
(349,	0,	'2017-08-07 11:05:00',	'11,10',	'11,05',	'1220',	103),
(350,	0,	'2017-08-07 11:05:00',	'11,10',	'11,05',	'1220',	103),
(351,	0,	'2017-08-07 11:05:00',	'11,10',	'11,05',	'1220',	103),
(352,	0,	'2017-08-07 11:05:00',	'11,10',	'11,05',	'1220',	103),
(353,	0,	'2017-08-07 11:05:00',	'11,10',	'11,05',	'1220',	103),
(354,	0,	'2017-08-07 11:05:00',	'11,10',	'11,05',	'1220',	103),
(355,	0,	'2017-08-07 11:05:00',	'11,10',	'11,05',	'1220',	103),
(356,	0,	'2017-08-07 11:05:00',	'11,10',	'11,05',	'1220',	103),
(357,	0,	'2017-08-07 11:05:00',	'11,10',	'11,05',	'1220',	103),
(358,	0,	'2017-08-07 11:05:00',	'11,10',	'11,05',	'1220',	103),
(359,	0,	'2017-08-07 11:05:00',	'11,10',	'11,05',	'1220',	103),
(360,	0,	'2017-08-07 11:05:00',	'11,10',	'11,05',	'1220',	103),
(361,	0,	'2017-08-07 11:05:00',	'11,10',	'11,05',	'1220',	103),
(362,	0,	'2017-08-07 11:05:00',	'11,10',	'11,05',	'1220',	103),
(363,	0,	'2017-08-07 11:05:00',	'11,10',	'11,05',	'1220',	103),
(364,	0,	'2017-08-07 11:05:00',	'11,10',	'11,05',	'1220',	103),
(365,	0,	'2017-08-07 11:05:00',	'11,10',	'11,05',	'1220',	103),
(366,	0,	'2017-08-07 11:05:00',	'11,10',	'11,05',	'1220',	103),
(367,	0,	'2017-08-07 11:05:00',	'11,10',	'11,05',	'1220',	103),
(368,	0,	'2017-08-07 11:05:00',	'11,10',	'11,05',	'1220',	103),
(369,	0,	'2017-08-07 11:05:00',	'11,10',	'11,05',	'1220',	103),
(370,	0,	'2017-08-07 00:05:00',	'12,10',	'12,05',	'1220',	103),
(371,	0,	'2017-08-07 00:05:00',	'12,10',	'12,05',	'1220',	103),
(372,	0,	'2017-08-07 00:05:00',	'12,10',	'12,05',	'1220',	103),
(373,	0,	'2017-08-07 00:05:00',	'12,10',	'12,05',	'1220',	103),
(374,	0,	'2017-08-07 00:05:00',	'12,10',	'12,05',	'1220',	103),
(375,	0,	'2017-08-07 00:05:00',	'12,10',	'12,05',	'1220',	103),
(376,	0,	'2017-08-07 00:05:00',	'12,10',	'12,05',	'1220',	103),
(377,	0,	'2017-08-07 00:05:00',	'12,10',	'12,05',	'1220',	103),
(378,	0,	'2017-08-07 00:05:00',	'12,10',	'12,05',	'1220',	103),
(379,	0,	'2017-08-07 00:05:00',	'12,10',	'12,05',	'1220',	103),
(380,	0,	'2017-08-07 00:05:00',	'12,10',	'12,05',	'1220',	103),
(381,	0,	'2017-08-07 00:05:00',	'12,10',	'12,05',	'1220',	103),
(382,	0,	'2017-08-07 00:05:00',	'12,10',	'12,05',	'1220',	103),
(383,	0,	'2017-08-07 00:05:00',	'12,10',	'12,05',	'1220',	103),
(384,	0,	'2017-08-07 00:05:00',	'12,10',	'12,05',	'1220',	103),
(385,	0,	'2017-08-07 00:05:00',	'12,10',	'12,05',	'1220',	103),
(386,	0,	'2017-08-07 00:05:00',	'12,10',	'12,05',	'1220',	103),
(387,	0,	'2017-08-07 00:05:00',	'12,10',	'12,05',	'1220',	103),
(388,	0,	'2017-08-07 00:05:00',	'12,10',	'12,05',	'1220',	103),
(389,	0,	'2017-08-07 00:05:00',	'12,10',	'12,05',	'1220',	103),
(390,	0,	'2017-08-07 00:05:00',	'12,10',	'12,05',	'1220',	103),
(391,	0,	'2017-08-07 00:05:00',	'12,10',	'12,05',	'1220',	103),
(392,	0,	'2017-08-07 00:05:00',	'12,10',	'12,05',	'1220',	103),
(393,	0,	'2017-08-07 00:05:00',	'12,10',	'12,05',	'1220',	103),
(394,	0,	'2017-08-07 00:05:00',	'12,10',	'12,05',	'1220',	103),
(395,	0,	'2017-08-07 00:05:00',	'12,10',	'12,05',	'1220',	103),
(396,	0,	'2017-08-07 00:05:00',	'12,10',	'12,05',	'1220',	103),
(397,	0,	'2017-08-07 00:05:00',	'12,10',	'12,05',	'1220',	103),
(398,	0,	'2017-08-07 00:05:00',	'12,10',	'12,05',	'1220',	103),
(399,	0,	'2017-08-07 00:05:00',	'12,10',	'12,05',	'1220',	103),
(400,	0,	'2017-08-07 00:05:00',	'12,10',	'12,05',	'1220',	103),
(401,	0,	'2017-08-07 00:05:00',	'12,10',	'12,05',	'1220',	103),
(402,	0,	'2017-08-07 00:05:00',	'12,10',	'12,05',	'1220',	103),
(403,	0,	'2017-08-07 00:05:00',	'12,10',	'12,05',	'1220',	103),
(404,	0,	'2017-08-07 00:05:00',	'12,10',	'12,05',	'1220',	103),
(405,	0,	'2017-08-07 00:05:00',	'12,10',	'12,05',	'1220',	103),
(406,	0,	'2017-08-07 00:05:00',	'12,10',	'12,05',	'1220',	103),
(407,	0,	'2017-08-07 00:05:00',	'12,10',	'12,05',	'1220',	103),
(408,	0,	'2017-08-07 00:05:00',	'12,10',	'12,05',	'1220',	103),
(409,	0,	'2017-08-07 00:05:00',	'12,10',	'12,05',	'1220',	103),
(410,	0,	'2017-08-07 00:05:00',	'12,10',	'12,05',	'1220',	103),
(411,	0,	'2017-08-07 00:05:00',	'12,10',	'12,05',	'1220',	103),
(412,	0,	'2017-08-09 00:05:00',	'12,10',	'12,05',	'1220',	103),
(413,	0,	'2017-08-09 00:05:00',	'12,10',	'12,05',	'1220',	103),
(414,	0,	'2017-08-09 00:05:00',	'12,10',	'12,05',	'1220',	103),
(415,	0,	'2017-08-09 15:06:00',	'15,6',	'15,6',	'1220',	103),
(416,	0,	'2017-08-09 15:13:00',	'15,13',	'15,13',	'1220',	103),
(417,	0,	'2017-08-09 15:14:00',	'15,14',	'15,14',	'1220',	103),
(418,	0,	'2017-08-09 15:15:00',	'15,15',	'15,15',	'1220',	103),
(419,	0,	'2017-08-09 15:15:00',	'15,15',	'15,15',	'1220',	103),
(420,	0,	'2017-08-09 15:16:00',	'15,16',	'15,16',	'1220',	103),
(421,	0,	'2017-08-09 15:16:00',	'15,16',	'15,16',	'1220',	103),
(422,	0,	'2017-08-09 15:18:00',	'15,18',	'15,18',	'1220',	103),
(423,	0,	'2017-08-09 15:21:00',	'15,22',	'15,21',	'1220',	103),
(424,	0,	'2017-08-09 15:42:00',	'15,43',	'15,42',	'1220',	103),
(425,	0,	'2017-08-09 15:43:00',	'15,43',	'15,43',	'1220',	103),
(426,	0,	'2017-08-09 15:46:00',	'15,47',	'15,46',	'1220',	103),
(427,	1,	'2017-08-09 14:55:00',	'',	'14,55',	'1220',	101),
(428,	1,	'2017-08-09 15:42:00',	'',	'15,42',	'1220',	101),
(429,	1,	'2017-08-09 14:55:00',	'',	'14,55',	'1220',	101),
(430,	1,	'2017-08-09 15:42:00',	'',	'15,42',	'1220',	101),
(431,	0,	'2017-08-10 16:12:00',	'16,12',	'16,12',	'1220',	103),
(432,	0,	'2017-08-10 16:12:00',	'16,13',	'16,12',	'1220',	103),
(433,	0,	'2017-08-10 16:12:00',	'16,13',	'16,12',	'1220',	103),
(434,	0,	'2017-08-10 16:17:00',	'16,18',	'16,17',	'1220',	103),
(435,	0,	'2017-08-10 16:20:00',	'16,20',	'16,20',	'1220',	103),
(436,	0,	'2017-08-10 16:20:00',	'16,20',	'16,20',	'1220',	103),
(437,	0,	'2017-08-10 16:20:00',	'16,21',	'16,20',	'1220',	103),
(438,	0,	'2017-08-09 00:05:00',	'12,10',	'12,05',	'1220',	103),
(439,	0,	'2017-08-09 00:05:00',	'12,10',	'12,05',	'1220',	103),
(440,	0,	'2017-08-09 00:05:00',	'12,10',	'12,05',	'1220',	103),
(441,	0,	'2017-08-09 00:05:00',	'12,10',	'12,05',	'1220',	103),
(442,	0,	'2017-08-09 00:05:00',	'12,10',	'12,05',	'1220',	103),
(443,	0,	'2017-08-09 00:05:00',	'12,10',	'12,05',	'1220',	103),
(444,	0,	'2017-08-09 00:05:00',	'12,10',	'12,05',	'1220',	103),
(445,	0,	'2017-08-09 00:05:00',	'12,10',	'12,05',	'1220',	103),
(446,	0,	'2017-08-09 00:05:00',	'12,10',	'12,05',	'1220',	103),
(447,	0,	'2017-08-09 00:05:00',	'12,10',	'12,05',	'1220',	103),
(448,	0,	'2017-08-09 00:05:00',	'12,10',	'12,05',	'1220',	103),
(449,	0,	'2017-08-09 00:05:00',	'12,10',	'12,05',	'1220',	103),
(450,	0,	'2017-08-10 16:35:00',	'16,35',	'16,35',	'1220',	103),
(451,	0,	'2017-08-10 16:37:00',	'16,37',	'16,37',	'1220',	103),
(452,	0,	'2017-08-10 16:38:00',	'16,38',	'16,38',	'1220',	103),
(453,	0,	'2017-08-10 16:39:00',	'16,39',	'16,39',	'1220',	103),
(454,	0,	'2017-08-10 16:40:00',	'16,40',	'16,40',	'1220',	103),
(455,	0,	'2017-08-10 16:41:00',	'16,41',	'16,41',	'1220',	103),
(456,	1,	'2017-08-10 16:08:00',	'',	'16,8',	'1220',	101),
(457,	1,	'2017-08-10 16:09:00',	'',	'16,9',	'1220',	101),
(458,	0,	'2017-08-11 09:43:00',	'9,43',	'9,43',	'1220',	103),
(459,	0,	'2017-08-11 09:44:00',	'9,44',	'9,44',	'1220',	103),
(460,	0,	'2017-08-11 09:46:00',	'9,47',	'9,46',	'1220',	103),
(461,	0,	'2017-08-09 00:05:00',	'12,10',	'12,05',	'1220',	103),
(462,	0,	'2017-08-09 00:05:00',	'12,10',	'12,05',	'1220',	103),
(463,	0,	'2017-08-09 00:05:00',	'12,10',	'12,05',	'1220',	103),
(464,	0,	'2017-08-09 00:05:00',	'12,10',	'12,05',	'1220',	103),
(465,	0,	'2017-08-09 00:05:00',	'12,10',	'12,05',	'1220',	103),
(466,	0,	'2017-08-09 00:05:00',	'12,10',	'12,05',	'1220',	103),
(467,	0,	'2017-08-09 00:05:00',	'12,10',	'12,05',	'1220',	103),
(468,	0,	'2017-08-09 00:05:00',	'12,10',	'12,05',	'1220',	103),
(469,	0,	'2017-08-09 00:05:00',	'12,10',	'12,05',	'1220',	103),
(470,	0,	'2017-08-09 00:05:00',	'12,10',	'12,05',	'1220',	103),
(471,	0,	'2017-08-07 00:05:00',	'12,10',	'12,05',	'1210',	103),
(472,	0,	'2017-08-07 00:05:00',	'12,10',	'12,05',	'1210',	103),
(473,	0,	'2017-08-07 00:05:00',	'12,10',	'12,05',	'1210',	103),
(474,	0,	'2017-08-07 00:05:00',	'12,10',	'12,05',	'1210',	103),
(475,	0,	'2017-08-07 00:05:00',	'12,10',	'12,05',	'1210',	103),
(476,	0,	'2017-08-07 00:05:00',	'12,10',	'12,05',	'1210',	103),
(477,	0,	'2017-08-07 00:05:00',	'12,10',	'12,05',	'1210',	103),
(478,	0,	'2017-08-07 00:05:00',	'12,10',	'12,05',	'1210',	103),
(479,	0,	'2017-08-07 00:05:00',	'12,10',	'12,05',	'1210',	103),
(480,	0,	'2017-08-07 00:05:00',	'12,10',	'12,05',	'1210',	103),
(481,	0,	'2017-08-07 00:05:00',	'12,10',	'12,05',	'1210',	103),
(482,	0,	'2017-08-07 00:05:00',	'12,10',	'12,05',	'1210',	103),
(483,	0,	'2017-08-07 00:05:00',	'12,10',	'12,05',	'1210',	103),
(484,	0,	'2017-08-07 00:05:00',	'12,10',	'12,05',	'1210',	103),
(485,	0,	'2017-08-07 00:05:00',	'12,10',	'12,05',	'1210',	103),
(486,	0,	'2017-08-07 00:05:00',	'12,10',	'12,05',	'1210',	103),
(487,	0,	'2017-08-07 00:05:00',	'12,10',	'12,05',	'1210',	103),
(488,	0,	'2017-08-07 00:05:00',	'12,10',	'12,05',	'1210',	103),
(489,	0,	'2017-08-07 00:05:00',	'12,10',	'12,05',	'1210',	103),
(490,	0,	'2017-08-07 00:05:00',	'12,10',	'12,05',	'1210',	103),
(491,	0,	'2017-08-07 00:05:00',	'12,10',	'12,05',	'1210',	103),
(492,	0,	'2017-08-07 00:05:00',	'12,10',	'12,05',	'1210',	103),
(493,	0,	'2017-08-07 00:05:00',	'12,10',	'12,05',	'1210',	103),
(494,	0,	'2017-08-07 00:05:00',	'12,10',	'12,05',	'1210',	103),
(495,	0,	'2017-08-07 00:05:00',	'12,10',	'12,05',	'1210',	103),
(496,	0,	'2017-08-07 00:05:00',	'12,10',	'12,05',	'1210',	103),
(497,	0,	'2017-08-07 00:05:00',	'',	'12,05',	'1210',	103),
(498,	0,	'2017-08-07 00:05:00',	'',	'12,05',	'1210',	103),
(499,	0,	'2017-08-07 00:05:00',	'',	'12,05',	'1210',	103),
(500,	0,	'2017-08-07 00:05:00',	'',	'12,05',	'1210',	103),
(501,	0,	'2017-08-07 00:05:00',	'',	'12,05',	'1210',	103),
(502,	0,	'2017-08-07 00:05:00',	'',	'12,05',	'1210',	103),
(503,	0,	'2017-08-07 00:05:00',	'',	'12,05',	'1210',	103),
(504,	0,	'2017-08-11 11:20:00',	'',	'11,20',	'1210',	103),
(505,	0,	'2017-08-11 11:20:00',	'',	'11,20',	'1210',	103),
(506,	0,	'2017-08-11 11:20:00',	'',	'11,20',	'1210',	103),
(507,	0,	'2017-08-11 11:20:00',	'',	'11,20',	'1210',	103),
(508,	0,	'2017-08-11 11:20:00',	'',	'11,20',	'1210',	103),
(509,	0,	'2017-08-11 11:20:00',	'',	'11,20',	'1210',	103),
(510,	0,	'2017-08-11 11:20:00',	'12,20',	'11,20',	'1210',	103),
(511,	0,	'2017-08-11 11:20:00',	'',	'11,20',	'1210',	103),
(512,	0,	'2017-08-11 11:20:00',	'',	'11,20',	'1210',	103),
(513,	0,	'2017-08-11 11:20:00',	'',	'11,20',	'1210',	103),
(514,	0,	'2017-08-11 11:20:00',	'',	'11,20',	'1210',	103),
(515,	0,	'2017-08-11 11:20:00',	'',	'11,20',	'1210',	103),
(516,	0,	'2017-08-11 11:20:00',	'12,20',	'11,20',	'1210',	103),
(517,	0,	'2017-08-11 11:20:00',	'12,20',	'11,20',	'1210',	103),
(518,	0,	'2017-08-11 11:20:00',	'12,20',	'11,20',	'1210',	103),
(519,	0,	'2017-08-11 11:20:00',	'12,20',	'11,20',	'1210',	103),
(520,	0,	'2017-08-11 11:20:00',	'12,20',	'11,20',	'1210',	103),
(521,	0,	'2017-08-09 00:05:00',	'12,10',	'12,05',	'1220',	103),
(522,	0,	'2017-08-09 00:05:00',	'12,10',	'12,05',	'1220',	103),
(523,	0,	'2017-08-09 00:05:00',	'12,10',	'12,05',	'1220',	103),
(524,	0,	'2017-08-09 00:05:00',	'12,10',	'12,05',	'1220',	103),
(525,	0,	'2017-08-09 00:05:00',	'12,10',	'12,05',	'1220',	103),
(526,	0,	'2017-08-09 00:05:00',	'12,10',	'12,05',	'1220',	103),
(527,	0,	'2017-08-14 14:04:00',	'14,5',	'14,4',	'1220',	103),
(528,	0,	'2017-08-14 14:08:00',	'14,9',	'14,8',	'1220',	103),
(529,	0,	'2017-08-14 14:27:00',	'14,28',	'14,27',	'1220',	103),
(530,	1,	'2017-08-16 13:58:00',	'',	'13,58',	'1220',	103),
(531,	0,	'2017-08-07 00:05:00',	'12,10',	'12,05',	'1220',	103),
(532,	0,	'2017-08-07 00:05:00',	'12,10',	'12,05',	'1220',	103),
(533,	0,	'2017-08-07 00:05:00',	'12,10',	'12,05',	'1220',	103),
(534,	0,	'2017-08-07 00:05:00',	'12,10',	'12,05',	'1220',	103),
(535,	0,	'2017-08-07 00:05:00',	'12,10',	'12,05',	'1220',	103),
(536,	0,	'2017-08-07 00:05:00',	'12,10',	'12,05',	'1220',	103),
(537,	0,	'2017-08-07 00:05:00',	'12,10',	'12,05',	'1220',	103),
(538,	0,	'2017-08-07 00:05:00',	'12,10',	'12,05',	'1220',	103),
(539,	0,	'2017-08-07 00:05:00',	'12,10',	'12,05',	'1220',	103),
(540,	0,	'2017-08-07 00:05:00',	'12,10',	'12,05',	'1220',	103),
(541,	0,	'2017-08-17 00:37:00',	'12,37',	'12,37',	'1220',	103),
(542,	0,	'2017-08-17 00:37:00',	'12,38',	'12,37',	'1220',	103),
(543,	0,	'2017-08-17 00:40:00',	'12,41',	'12,40',	'1220',	103),
(544,	0,	'2017-08-17 00:48:00',	'12,48',	'12,48',	'1220',	103),
(545,	0,	'2017-08-17 00:49:00',	'12,49',	'12,49',	'1220',	103),
(546,	1,	'2017-08-17 00:50:00',	'',	'12,50',	'1220',	103),
(547,	1,	'2017-08-17 00:50:00',	'',	'12,50',	'1220',	103),
(548,	0,	'2017-08-17 00:54:00',	'12,54',	'12,54',	'1220',	103),
(549,	0,	'2017-08-17 13:32:00',	'13,33',	'13,32',	'1220',	103),
(550,	0,	'2017-08-17 13:32:00',	'13,33',	'13,32',	'1220',	103),
(551,	0,	'2017-08-17 13:33:00',	'13,34',	'13,33',	'1220',	103),
(552,	0,	'2017-08-17 13:35:00',	'13,35',	'13,35',	'1220',	103),
(553,	0,	'2017-08-17 13:36:00',	'13,36',	'13,36',	'1220',	103),
(554,	0,	'2017-08-17 13:39:00',	'13,40',	'13,39',	'1220',	103),
(555,	0,	'2017-08-17 13:40:00',	'13,41',	'13,40',	'1220',	103),
(556,	0,	'2017-08-18 00:13:00',	'12,13',	'12,13',	'1220',	103),
(557,	0,	'2017-08-18 00:14:00',	'12,14',	'12,14',	'1220',	103),
(558,	0,	'2017-08-18 00:19:00',	'12,19',	'12,19',	'1220',	103),
(559,	0,	'2017-08-09 00:05:00',	'12,10',	'12,05',	'1220',	103),
(560,	0,	'2017-08-09 00:05:00',	'12,10',	'12,05',	'1220',	103),
(561,	0,	'2017-08-09 00:05:00',	'12,10',	'12,05',	'1220',	103),
(562,	0,	'2017-08-09 00:05:00',	'12,10',	'12,05',	'1220',	103),
(563,	0,	'2017-08-09 00:05:00',	'12,10',	'12,05',	'1220',	103),
(564,	0,	'2017-08-09 00:05:00',	'12,10',	'12,05',	'1220',	103),
(565,	0,	'2017-08-18 00:43:00',	'12,43',	'12,43',	'1220',	103),
(566,	0,	'2017-08-18 00:43:00',	'12,44',	'12,43',	'1220',	103),
(567,	0,	'2017-08-18 00:45:00',	'',	'12,45',	'1220',	103),
(568,	0,	'2017-08-18 00:45:00',	'',	'12,45',	'1220',	103),
(569,	0,	'2017-08-18 00:49:00',	'12,50',	'12,49',	'1220',	103),
(570,	1,	'2017-08-18 00:51:00',	'',	'12,51',	'1220',	103),
(571,	1,	'2017-08-18 00:52:00',	'',	'12,52',	'1220',	103),
(572,	1,	'2017-08-18 00:52:00',	'',	'12,52',	'1220',	103),
(573,	1,	'2017-08-18 00:55:00',	'',	'12,55',	'1220',	103),
(574,	1,	'2017-08-18 00:56:00',	'',	'12,56',	'1220',	103),
(575,	1,	'2017-08-18 00:56:00',	'',	'12,56',	'1220',	103),
(576,	1,	'2017-08-18 00:56:00',	'',	'12,56',	'1220',	103),
(577,	1,	'2017-08-18 00:57:00',	'',	'12,57',	'1220',	103),
(578,	1,	'2017-08-18 00:58:00',	'',	'12,58',	'1220',	103),
(579,	0,	'2017-08-18 00:59:00',	'13,0',	'12,59',	'1220',	103),
(580,	0,	'2017-08-18 13:00:00',	'13,1',	'13,0',	'1220',	103),
(581,	0,	'2017-08-18 13:02:00',	'13,5',	'13,2',	'1220',	103),
(582,	0,	'2017-08-18 13:02:00',	'',	'13,2',	'1220',	103),
(583,	0,	'2017-09-11 10:43:00',	'10,43',	'10,43',	'1220',	103),
(584,	0,	'2017-09-11 10:44:00',	'10,44',	'10,44',	'1220',	103),
(585,	0,	'2017-09-11 10:45:00',	'10,45',	'10,45',	'1220',	103),
(586,	0,	'2017-09-11 10:46:00',	'10,46',	'10,46',	'1220',	103),
(587,	0,	'2017-09-11 11:02:00',	'11,3',	'11,2',	'1220',	103),
(588,	0,	'2017-09-11 11:04:00',	'11,5',	'11,4',	'1220',	103),
(589,	0,	'2017-09-11 11:09:00',	'11,11',	'11,9',	'1220',	103),
(590,	0,	'2017-09-11 11:18:00',	'',	'11,18',	'1220',	103),
(591,	0,	'2017-08-09 11:05:00',	'11,20',	'11,05',	'1220',	103),
(592,	0,	'2017-08-09 11:05:00',	'11,20',	'11,05',	'1220',	103),
(593,	0,	'2017-08-09 11:05:00',	'11,20',	'11,05',	'1220',	103),
(594,	0,	'2017-08-09 11:05:00',	'11,20',	'11,05',	'1220',	103),
(595,	0,	'2017-08-09 11:05:00',	'11,20',	'11,05',	'1220',	103),
(596,	0,	'2017-08-09 11:05:00',	'11,20',	'11,05',	'1220',	103),
(597,	0,	'2017-08-09 11:05:00',	'11,20',	'11,05',	'1220',	103),
(598,	0,	'2017-08-09 11:05:00',	'11,20',	'11,05',	'1220',	103),
(599,	0,	'2017-08-09 11:05:00',	'11,20',	'11,05',	'1220',	103),
(600,	0,	'2017-08-09 11:05:00',	'11,20',	'11,05',	'1220',	103),
(601,	0,	'2017-08-09 11:05:00',	'11,20',	'11,05',	'1220',	103),
(602,	0,	'2017-08-09 11:05:00',	'11,20',	'11,05',	'1220',	103),
(603,	0,	'2017-08-09 11:05:00',	'11,20',	'11,05',	'1220',	103),
(604,	0,	'2017-08-09 11:05:00',	'11,20',	'11,05',	'1220',	103),
(605,	0,	'2017-08-09 11:05:00',	'11,20',	'11,05',	'1220',	103),
(606,	0,	'2017-08-09 11:05:00',	'11,20',	'11,05',	'1220',	103),
(607,	0,	'2017-09-11 11:58:00',	'12,0',	'11,58',	'1220',	103),
(608,	0,	'2017-09-11 00:03:00',	'12,4',	'12,3',	'1220',	103),
(609,	0,	'2017-09-11 00:03:00',	'',	'12,3',	'1220',	103),
(610,	0,	'2017-09-11 00:10:00',	'12,11',	'12,10',	'1220',	103),
(611,	0,	'2017-09-11 00:10:00',	'',	'12,10',	'1220',	103),
(612,	0,	'2017-09-11 00:14:00',	'',	'12,14',	'1220',	103),
(613,	0,	'2017-09-13 00:04:00',	'12,6',	'12,4',	'1220',	103),
(614,	1,	'2017-09-13 00:19:00',	'',	'12,19',	'1230',	103),
(615,	1,	'2017-09-13 00:19:00',	'',	'12,19',	'1230',	103),
(616,	1,	'2017-09-13 00:19:00',	'',	'12,19',	'1230',	103),
(617,	0,	'2017-09-13 00:21:00',	'12,23',	'12,21',	'1220',	103),
(618,	0,	'2017-09-13 00:21:00',	'',	'12,21',	'1220',	103),
(619,	1,	'2017-09-13 13:24:00',	'',	'13,24',	'1230',	103),
(620,	0,	'2017-09-13 13:24:00',	'13,27',	'13,24',	'1220',	103),
(621,	1,	'2017-09-13 13:32:00',	'',	'13,32',	'1230',	103),
(622,	1,	'2017-09-13 13:32:00',	'',	'13,32',	'1230',	103),
(623,	0,	'2017-09-13 13:32:00',	'13,35',	'13,32',	'1220',	103),
(624,	0,	'2017-09-13 13:32:00',	'',	'13,32',	'1220',	103),
(625,	1,	'2017-09-13 13:48:00',	'',	'13,48',	'1230',	103),
(626,	1,	'2017-09-13 13:50:00',	'',	'13,50',	'1230',	103),
(627,	0,	'2017-09-13 13:48:00',	'13,49',	'13,48',	'1220',	103),
(628,	1,	'2017-09-13 13:56:00',	'',	'13,56',	'1230',	103),
(629,	0,	'2017-09-13 13:58:00',	'13,59',	'13,58',	'1220',	103),
(630,	1,	'2017-09-13 13:59:00',	'',	'13,59',	'1230',	103),
(631,	0,	'2017-09-13 14:02:00',	'14,2',	'14,2',	'1220',	103),
(632,	1,	'2017-09-13 14:22:00',	'',	'14,22',	'1230',	103),
(633,	1,	'2017-09-13 14:26:00',	'',	'14,26',	'1230',	103),
(634,	1,	'2017-09-13 14:26:00',	'',	'14,26',	'1230',	103),
(635,	0,	'2017-09-13 14:33:00',	'14,35',	'14,33',	'1220',	103),
(636,	0,	'2017-09-13 14:33:00',	'',	'14,33',	'1220',	103),
(637,	1,	'2017-09-13 14:35:00',	'',	'14,35',	'1230',	103),
(638,	0,	'2017-09-14 00:35:00',	'12,36',	'12,35',	'1220',	103),
(639,	0,	'2017-09-14 00:38:00',	'12,38',	'12,38',	'1220',	103),
(640,	0,	'2017-09-14 00:38:00',	'12,38',	'12,38',	'1220',	103),
(641,	1,	'2017-09-14 00:38:00',	'',	'12,38',	'1230',	103),
(642,	1,	'2017-09-14 00:38:00',	'',	'12,38',	'1230',	103),
(643,	1,	'2017-09-14 13:26:00',	'',	'13,26',	'1230',	103),
(644,	1,	'2017-09-14 13:28:00',	'',	'13,28',	'1220',	103),
(645,	1,	'2017-09-14 13:29:00',	'',	'13,29',	'1230',	103),
(646,	0,	'2017-09-14 13:30:00',	'13,30',	'13,30',	'1220',	103),
(647,	1,	'2017-09-14 13:31:00',	'',	'13,31',	'1230',	103),
(648,	1,	'2017-09-14 13:35:00',	'',	'13,35',	'1230',	103),
(649,	1,	'2017-09-14 14:27:00',	'',	'14,27',	'1230',	103),
(650,	0,	'2017-09-14 14:51:00',	'14,52',	'14,51',	'1220',	103),
(651,	0,	'2017-09-14 14:51:00',	'',	'14,51',	'1220',	103),
(652,	1,	'2017-09-14 14:53:00',	'',	'14,53',	'1230',	103),
(653,	1,	'2017-09-14 14:56:00',	'',	'14,56',	'1220',	103),
(654,	1,	'2017-09-14 14:56:00',	'',	'14,56',	'1220',	103),
(655,	0,	'2017-09-14 15:08:00',	'15,8',	'15,8',	'1220',	103),
(656,	1,	'2017-09-14 15:08:00',	'',	'15,8',	'1230',	103),
(657,	0,	'2017-09-14 15:11:00',	'15,11',	'15,11',	'1220',	103),
(658,	0,	'2017-09-14 15:15:00',	'15,15',	'15,15',	'1220',	103),
(659,	1,	'2017-09-18 15:20:00',	'',	'15,20',	'1230',	103),
(660,	0,	'2017-09-18 10:33:00',	'10,34',	'10,33',	'1220',	103),
(661,	1,	'2017-09-18 10:35:00',	'',	'10,35',	'1230',	103),
(662,	1,	'2017-09-18 10:35:00',	'',	'10,35',	'1230',	103),
(663,	1,	'2017-09-18 13:23:00',	'',	'13,23',	'1230',	103),
(664,	1,	'2017-09-18 13:23:00',	'',	'13,23',	'1230',	103),
(665,	1,	'2017-09-18 13:23:00',	'',	'13,23',	'1230',	103),
(666,	1,	'2017-09-18 13:25:00',	'',	'13,25',	'1230',	103),
(667,	1,	'2017-09-18 13:25:00',	'',	'13,25',	'1230',	103),
(668,	0,	'2017-09-18 13:26:00',	'13,26',	'13,26',	'1220',	103),
(669,	0,	'2017-09-18 13:28:00',	'13,28',	'13,28',	'1220',	103),
(670,	0,	'2017-09-18 13:29:00',	'13,29',	'13,29',	'1220',	103),
(671,	1,	'2017-09-18 13:29:00',	'',	'13,29',	'1230',	103),
(672,	1,	'2017-09-18 13:29:00',	'',	'13,29',	'1230',	103),
(673,	1,	'2017-09-18 13:48:00',	'',	'13,48',	'1230',	103),
(674,	1,	'2017-09-18 13:48:00',	'',	'13,48',	'1230',	103),
(675,	0,	'2017-09-18 13:48:00',	'13,48',	'13,48',	'1220',	103),
(676,	0,	'2017-09-18 13:48:00',	'13,48',	'13,48',	'1220',	103),
(677,	0,	'2017-09-18 13:48:00',	'13,48',	'13,48',	'1220',	103),
(678,	1,	'2017-09-18 13:48:00',	'',	'13,48',	'1230',	103),
(679,	1,	'2017-09-18 13:49:00',	'',	'13,49',	'1230',	103),
(680,	1,	'2017-09-18 13:49:00',	'',	'13,49',	'1230',	103),
(681,	1,	'2017-09-18 13:50:00',	'',	'13,50',	'1230',	103),
(682,	0,	'2017-09-18 13:53:00',	'13,53',	'13,53',	'1220',	103),
(683,	0,	'2017-09-18 13:53:00',	'13,53',	'13,53',	'1220',	103),
(684,	1,	'2017-09-18 13:54:00',	'',	'13,54',	'1230',	103),
(685,	1,	'2017-09-18 13:54:00',	'',	'13,54',	'1230',	103),
(686,	1,	'2017-09-18 13:54:00',	'',	'13,54',	'1230',	103),
(687,	1,	'2017-09-18 13:56:00',	'',	'13,56',	'1230',	103),
(688,	1,	'2017-09-18 13:57:00',	'',	'13,57',	'1230',	103),
(689,	1,	'2017-09-18 13:57:00',	'',	'13,57',	'1230',	103),
(690,	1,	'2017-09-18 13:57:00',	'',	'13,57',	'1230',	103),
(691,	1,	'2017-09-18 14:02:00',	'',	'14,2',	'1230',	103),
(692,	1,	'2017-09-18 14:02:00',	'',	'14,2',	'1230',	103),
(693,	1,	'2017-09-18 14:02:00',	'',	'14,2',	'1230',	103),
(694,	1,	'2017-09-18 14:02:00',	'',	'14,2',	'1230',	103),
(695,	1,	'2017-09-18 14:02:00',	'',	'14,2',	'1230',	103),
(696,	1,	'2017-09-18 14:02:00',	'',	'14,2',	'1230',	103),
(697,	1,	'2017-09-18 14:08:00',	'',	'14,8',	'1230',	103),
(698,	1,	'2017-09-18 14:08:00',	'',	'14,8',	'1230',	103),
(699,	1,	'2017-09-18 14:39:00',	'',	'14,39',	'1230',	103),
(700,	1,	'2017-09-18 14:39:00',	'',	'14,39',	'1230',	103),
(701,	1,	'2017-09-18 14:41:00',	'',	'14,41',	'1230',	103),
(702,	1,	'2017-09-18 14:41:00',	'',	'14,41',	'1230',	103),
(703,	1,	'2017-09-18 14:42:00',	'',	'14,42',	'1230',	103),
(704,	1,	'2017-09-18 14:42:00',	'',	'14,42',	'1230',	103),
(705,	1,	'2017-09-18 14:51:00',	'',	'14,51',	'1230',	103),
(706,	1,	'2017-09-18 14:51:00',	'',	'14,51',	'1230',	103),
(707,	1,	'2017-09-18 14:51:00',	'',	'14,51',	'1230',	103),
(708,	1,	'2017-09-18 14:51:00',	'',	'14,51',	'1230',	103),
(709,	1,	'2017-09-18 14:52:00',	'',	'14,52',	'1230',	103),
(710,	1,	'2017-09-18 14:52:00',	'',	'14,52',	'1230',	103),
(711,	1,	'2017-09-18 14:52:00',	'',	'14,52',	'1230',	103),
(712,	1,	'2017-09-18 14:52:00',	'',	'14,52',	'1230',	103),
(713,	1,	'2017-09-18 14:52:00',	'',	'14,52',	'1230',	103),
(714,	1,	'2017-09-18 14:53:00',	'',	'14,53',	'1230',	103),
(715,	1,	'2017-09-18 15:18:00',	'',	'15,18',	'1230',	103),
(716,	1,	'2017-09-18 15:18:00',	'',	'15,18',	'1230',	103),
(717,	1,	'2017-09-18 15:19:00',	'',	'15,19',	'1230',	103),
(718,	1,	'2017-09-18 15:19:00',	'',	'15,19',	'1230',	103),
(719,	1,	'2017-09-18 15:26:00',	'',	'15,26',	'1230',	103),
(720,	1,	'2017-09-18 15:26:00',	'',	'15,26',	'1230',	103),
(721,	1,	'2017-09-18 15:26:00',	'',	'15,26',	'1230',	103),
(722,	1,	'2017-09-18 15:26:00',	'',	'15,26',	'1230',	103),
(723,	1,	'2017-09-18 15:26:00',	'',	'15,26',	'1230',	103),
(724,	1,	'2017-09-18 15:26:00',	'',	'15,26',	'1230',	103),
(725,	1,	'2017-09-18 15:27:00',	'',	'15,27',	'1230',	103),
(726,	1,	'2017-09-18 15:27:00',	'',	'15,27',	'1230',	103),
(727,	1,	'2017-09-18 15:27:00',	'',	'15,27',	'1230',	103),
(728,	1,	'2017-09-18 15:27:00',	'',	'15,27',	'1230',	103),
(729,	1,	'2017-09-18 15:33:00',	'',	'15,33',	'1230',	103),
(730,	1,	'2017-09-18 15:33:00',	'',	'15,33',	'1230',	103),
(731,	1,	'2017-09-18 15:33:00',	'',	'15,33',	'1230',	103),
(732,	1,	'2017-09-18 15:35:00',	'',	'15,35',	'1230',	103),
(733,	1,	'2017-09-18 15:35:00',	'',	'15,35',	'1230',	103),
(734,	1,	'2017-09-18 15:35:00',	'',	'15,35',	'1230',	103),
(735,	1,	'2017-09-18 15:36:00',	'',	'15,36',	'1230',	103),
(736,	1,	'2017-09-18 15:36:00',	'',	'15,36',	'1230',	103),
(737,	1,	'2017-09-18 15:36:00',	'',	'15,36',	'1230',	103),
(738,	1,	'2017-09-18 15:36:00',	'',	'15,36',	'1230',	103),
(739,	1,	'2017-09-18 15:37:00',	'',	'15,37',	'1230',	103),
(740,	1,	'2017-09-18 15:37:00',	'',	'15,37',	'1230',	103),
(741,	1,	'2017-09-18 15:37:00',	'',	'15,37',	'1230',	103),
(742,	1,	'2017-09-18 15:37:00',	'',	'15,37',	'1230',	103),
(743,	1,	'2017-09-18 15:37:00',	'',	'15,37',	'1230',	103),
(744,	1,	'2017-09-18 15:44:00',	'',	'15,44',	'1230',	103),
(745,	1,	'2017-09-18 15:45:00',	'',	'15,45',	'1230',	103),
(746,	1,	'2017-09-18 15:45:00',	'',	'15,45',	'1230',	103),
(747,	1,	'2017-09-18 15:49:00',	'',	'15,49',	'1230',	103),
(748,	1,	'2017-09-18 15:49:00',	'',	'15,49',	'1230',	103),
(749,	1,	'2017-09-18 15:49:00',	'',	'15,49',	'1230',	103),
(750,	1,	'2017-09-18 15:54:00',	'',	'15,54',	'1230',	103),
(751,	1,	'2017-09-18 15:54:00',	'',	'15,54',	'1230',	103),
(752,	1,	'2017-09-18 15:54:00',	'',	'15,54',	'1230',	103),
(753,	1,	'2017-09-18 15:54:00',	'',	'15,54',	'1230',	103),
(754,	1,	'2017-09-18 16:13:00',	'',	'16,13',	'1230',	103),
(755,	1,	'2017-09-18 16:13:00',	'',	'16,13',	'1230',	103),
(756,	1,	'2017-09-19 09:48:00',	'',	'9,48',	'1230',	103),
(757,	1,	'2017-09-19 09:48:00',	'',	'9,48',	'1230',	103),
(758,	1,	'2017-09-19 09:48:00',	'',	'9,48',	'1230',	103),
(759,	1,	'2017-09-19 09:48:00',	'',	'9,48',	'1230',	103),
(760,	1,	'2017-09-19 09:48:00',	'',	'9,48',	'1230',	103),
(761,	1,	'2017-09-19 09:48:00',	'',	'9,48',	'1230',	103),
(762,	1,	'2017-09-19 09:48:00',	'',	'9,48',	'1230',	103),
(763,	1,	'2017-09-19 10:02:00',	'',	'10,2',	'1230',	103),
(764,	1,	'2017-09-19 10:03:00',	'',	'10,3',	'1230',	103),
(765,	1,	'2017-09-19 10:03:00',	'',	'10,3',	'1230',	103),
(766,	1,	'2017-09-19 10:03:00',	'',	'10,3',	'1230',	103),
(767,	1,	'2017-09-19 10:03:00',	'',	'10,3',	'1230',	103),
(768,	1,	'2017-09-19 10:03:00',	'',	'10,3',	'1230',	103),
(769,	1,	'2017-09-19 10:03:00',	'',	'10,3',	'1230',	103),
(770,	1,	'2017-09-19 10:04:00',	'',	'10,4',	'1230',	103),
(771,	1,	'2017-09-19 10:04:00',	'',	'10,4',	'1230',	103),
(772,	1,	'2017-09-19 10:04:00',	'',	'10,4',	'1230',	103),
(773,	1,	'2017-09-19 10:05:00',	'',	'10,5',	'1230',	103),
(774,	1,	'2017-09-19 10:05:00',	'',	'10,5',	'1230',	103),
(775,	1,	'2017-09-19 10:05:00',	'',	'10,5',	'1230',	103),
(776,	1,	'2017-09-19 10:05:00',	'',	'10,5',	'1230',	103),
(777,	1,	'2017-09-19 10:05:00',	'',	'10,5',	'1230',	103),
(778,	1,	'2017-10-02 13:56:00',	'',	'13,56',	'1220',	101),
(779,	1,	'2017-10-02 14:02:00',	'',	'14,2',	'1220',	101),
(780,	1,	'2017-10-02 15:59:00',	'',	'15,59',	'1220',	101),
(781,	0,	'2017-10-02 13:05:00',	'',	'13,5',	'1230',	101),
(782,	0,	'2017-10-02 13:05:00',	'',	'13,5',	'1230',	101),
(783,	0,	'2017-10-02 13:06:00',	'',	'13,6',	'1230',	101),
(784,	0,	'2017-10-02 13:06:00',	'',	'13,6',	'1230',	101),
(785,	0,	'2017-10-02 13:06:00',	'',	'13,6',	'1230',	101),
(786,	0,	'2017-10-02 13:10:00',	'',	'13,10',	'1230',	101),
(787,	0,	'2017-10-02 13:10:00',	'',	'13,10',	'1230',	101),
(788,	0,	'2017-10-02 13:16:00',	'',	'13,16',	'1230',	101),
(789,	0,	'2017-10-02 13:18:00',	'',	'13,18',	'1230',	101),
(790,	0,	'2017-10-02 13:18:00',	'',	'13,18',	'1230',	101),
(791,	0,	'2017-10-02 13:19:00',	'',	'13,19',	'1230',	101),
(792,	0,	'2017-10-02 13:19:00',	'',	'13,19',	'1230',	101),
(793,	1,	'2017-10-02 13:22:00',	'',	'13,22',	'1230',	101),
(794,	0,	'2017-10-02 13:22:00',	'',	'13,22',	'1230',	101),
(795,	0,	'2017-10-02 13:22:00',	'',	'13,22',	'1230',	101),
(796,	0,	'2017-10-02 13:25:00',	'',	'13,25',	'1230',	101),
(797,	0,	'2017-10-02 13:25:00',	'',	'13,25',	'1230',	101),
(798,	0,	'2017-10-02 13:25:00',	'',	'13,25',	'1230',	101),
(799,	0,	'2017-10-02 13:26:00',	'',	'13,26',	'1230',	101),
(800,	0,	'2017-10-02 13:26:00',	'',	'13,26',	'1230',	101),
(801,	0,	'2017-10-02 13:26:00',	'',	'13,26',	'1230',	101),
(802,	0,	'2017-10-03 15:50:00',	'',	'15,50',	'1230',	101),
(803,	0,	'2017-10-03 15:51:00',	'',	'15,51',	'1230',	101),
(804,	0,	'2017-10-03 15:52:00',	'',	'15,52',	'1230',	101),
(805,	0,	'2017-10-03 09:43:00',	'',	'9,43',	'1230',	101),
(806,	0,	'2017-10-03 09:43:00',	'',	'9,43',	'1230',	101),
(807,	0,	'2017-10-03 09:44:00',	'',	'9,44',	'1230',	101),
(808,	0,	'2017-10-03 09:56:00',	'',	'9,56',	'1230',	101),
(809,	0,	'2017-10-03 09:57:00',	'',	'9,57',	'1230',	101),
(810,	0,	'2017-10-03 10:59:00',	'',	'10,59',	'1230',	101),
(811,	0,	'2017-10-03 11:34:00',	'',	'11,34',	'1230',	101),
(812,	0,	'2017-10-03 11:34:00',	'',	'11,34',	'1230',	101),
(813,	0,	'2017-10-03 11:34:00',	'',	'11,34',	'1230',	101),
(814,	0,	'2017-10-03 11:34:00',	'',	'11,34',	'1230',	101),
(815,	0,	'2017-10-03 11:34:00',	'',	'11,34',	'1230',	101),
(816,	0,	'2017-10-03 11:35:00',	'',	'11,35',	'1230',	101),
(817,	0,	'2017-10-03 11:36:00',	'',	'11,36',	'1230',	101),
(818,	0,	'2017-10-03 11:36:00',	'',	'11,36',	'1230',	101),
(819,	0,	'2017-10-03 11:36:00',	'',	'11,36',	'1230',	101),
(820,	0,	'2017-10-03 11:36:00',	'',	'11,36',	'1230',	101),
(821,	0,	'2017-10-04 14:48:00',	'14,49',	'14,48',	'1220',	101),
(822,	0,	'2017-10-04 15:23:00',	'15,25',	'15,23',	'1220',	101),
(823,	0,	'2017-10-04 11:34:00',	'11,34',	'11,34',	'1220',	101),
(824,	0,	'2017-10-04 11:35:00',	'11,35',	'11,35',	'1220',	101),
(825,	0,	'2017-10-04 11:37:00',	'11,37',	'11,37',	'1220',	101),
(826,	0,	'2017-10-04 11:39:00',	'11,39',	'11,39',	'1220',	101),
(827,	0,	'2017-10-04 11:39:00',	'11,39',	'11,39',	'1220',	101),
(828,	0,	'2017-10-04 11:42:00',	'11,42',	'11,42',	'1220',	101),
(829,	0,	'2017-10-04 11:42:00',	'11,42',	'11,42',	'1220',	101),
(830,	0,	'2017-10-04 11:43:00',	'11,43',	'11,43',	'1220',	101),
(831,	0,	'2017-10-04 11:44:00',	'11,44',	'11,44',	'1220',	101),
(832,	0,	'2017-10-04 11:45:00',	'11,45',	'11,45',	'1220',	101),
(833,	0,	'2017-10-04 11:45:00',	'11,45',	'11,45',	'1220',	101),
(834,	0,	'2017-10-04 11:45:00',	'11,45',	'11,45',	'1220',	101),
(835,	0,	'2017-10-04 11:47:00',	'11,47',	'11,47',	'1220',	101),
(836,	0,	'2017-10-04 11:47:00',	'11,47',	'11,47',	'1220',	101),
(837,	0,	'2017-10-04 11:47:00',	'11,47',	'11,47',	'1220',	101),
(838,	0,	'2017-10-04 11:53:00',	'11,53',	'11,53',	'1220',	101),
(839,	0,	'2017-10-04 14:16:00',	'14,16',	'14,16',	'1220',	101),
(840,	0,	'2017-10-04 14:17:00',	'14,17',	'14,17',	'1220',	101),
(841,	0,	'2017-10-04 14:17:00',	'14,17',	'14,17',	'1220',	101),
(842,	0,	'2017-10-04 14:34:00',	'14,34',	'14,34',	'1220',	101),
(843,	0,	'2017-10-04 14:43:00',	'14,43',	'14,43',	'1220',	101),
(844,	0,	'2017-10-04 14:46:00',	'14,46',	'14,46',	'1220',	101),
(845,	0,	'2017-10-04 14:48:00',	'14,48',	'14,48',	'1220',	101),
(846,	0,	'2017-10-09 13:48:00',	'13,49',	'13,48',	'1220',	101),
(847,	0,	'2017-10-11 13:29:00',	'13,29',	'13,29',	'1220',	101),
(848,	0,	'2017-10-11 13:29:00',	'0,0',	'13,29',	'1220',	101),
(849,	0,	'2017-10-11 13:29:00',	'0,0',	'13,29',	'1220',	101),
(850,	0,	'2017-10-11 13:30:00',	'0,0',	'13,30',	'1220',	101),
(851,	0,	'2017-10-11 13:30:00',	'0,0',	'13,30',	'1220',	101),
(852,	0,	'2017-10-11 13:30:00',	'13,30',	'13,30',	'1220',	101),
(853,	0,	'2017-10-11 13:30:00',	'0,0',	'13,30',	'1220',	101),
(854,	0,	'2017-10-11 13:30:00',	'0,0',	'13,30',	'1220',	101),
(855,	0,	'2017-10-11 13:30:00',	'0,0',	'13,30',	'1220',	101),
(856,	0,	'2017-10-11 13:30:00',	'0,0',	'13,30',	'1220',	101),
(857,	0,	'2017-10-11 13:30:00',	'13,30',	'13,30',	'1220',	101),
(858,	0,	'2017-10-11 13:30:00',	'13,30',	'13,30',	'1220',	101),
(859,	0,	'2017-10-11 13:30:00',	'13,30',	'13,30',	'1220',	101),
(860,	0,	'2017-10-11 13:30:00',	'0,0',	'13,30',	'1220',	101),
(861,	0,	'2017-10-11 13:30:00',	'0,0',	'13,30',	'1220',	101),
(862,	0,	'2017-10-11 13:30:00',	'13,30',	'13,30',	'1220',	101),
(863,	0,	'2017-10-11 13:30:00',	'13,30',	'13,30',	'1220',	101),
(864,	0,	'2017-10-11 13:29:00',	'13,29',	'13,29',	'1220',	101),
(865,	0,	'2017-10-11 13:29:00',	'0,0',	'13,29',	'1220',	101),
(866,	0,	'2017-10-11 13:29:00',	'0,0',	'13,29',	'1220',	101),
(867,	0,	'2017-10-11 13:30:00',	'0,0',	'13,30',	'1220',	101),
(868,	0,	'2017-10-11 13:30:00',	'0,0',	'13,30',	'1220',	101),
(869,	0,	'2017-10-11 13:30:00',	'13,30',	'13,30',	'1220',	101),
(870,	0,	'2017-10-11 13:30:00',	'0,0',	'13,30',	'1220',	101),
(871,	0,	'2017-10-11 13:30:00',	'0,0',	'13,30',	'1220',	101),
(872,	0,	'2017-10-11 13:30:00',	'0,0',	'13,30',	'1220',	101),
(873,	0,	'2017-10-11 13:30:00',	'0,0',	'13,30',	'1220',	101),
(874,	0,	'2017-10-11 13:30:00',	'13,30',	'13,30',	'1220',	101),
(875,	0,	'2017-10-11 13:30:00',	'13,30',	'13,30',	'1220',	101),
(876,	0,	'2017-10-11 13:29:00',	'13,29',	'13,29',	'1220',	101),
(877,	0,	'2017-10-11 13:29:00',	'0,0',	'13,29',	'1220',	101),
(878,	0,	'2017-10-11 13:29:00',	'0,0',	'13,29',	'1220',	101),
(879,	0,	'2017-10-11 13:30:00',	'0,0',	'13,30',	'1220',	101),
(880,	0,	'2017-10-11 13:30:00',	'0,0',	'13,30',	'1220',	101),
(881,	0,	'2017-10-11 13:30:00',	'13,30',	'13,30',	'1220',	101),
(882,	0,	'2017-10-11 13:30:00',	'0,0',	'13,30',	'1220',	101),
(883,	0,	'2017-10-11 13:30:00',	'0,0',	'13,30',	'1220',	101),
(884,	0,	'2017-10-11 13:30:00',	'0,0',	'13,30',	'1220',	101),
(885,	0,	'2017-10-11 13:30:00',	'0,0',	'13,30',	'1220',	101),
(886,	0,	'2017-10-11 13:30:00',	'13,30',	'13,30',	'1220',	101),
(887,	0,	'2017-10-11 13:30:00',	'13,30',	'13,30',	'1220',	101),
(888,	0,	'2017-10-11 13:30:00',	'13,30',	'13,30',	'1220',	101),
(889,	0,	'2017-10-11 13:30:00',	'0,0',	'13,30',	'1220',	101),
(890,	0,	'2017-10-11 13:30:00',	'0,0',	'13,30',	'1220',	101),
(891,	0,	'2017-10-11 13:30:00',	'13,30',	'13,30',	'1220',	101),
(892,	0,	'2017-10-11 13:30:00',	'13,30',	'13,30',	'1220',	101),
(893,	0,	'2017-10-11 13:31:00',	'13,31',	'13,31',	'1220',	101),
(894,	0,	'2017-10-11 13:31:00',	'0,0',	'13,31',	'1220',	101),
(895,	0,	'2017-10-11 13:31:00',	'13,31',	'13,31',	'1220',	101),
(896,	0,	'2017-10-11 13:31:00',	'13,31',	'13,31',	'1220',	101),
(897,	0,	'2017-10-11 13:31:00',	'0,0',	'13,31',	'1220',	101),
(898,	0,	'2017-10-11 13:36:00',	'0,0',	'13,36',	'1220',	101),
(899,	0,	'2017-10-11 13:36:00',	'13,36',	'13,36',	'1220',	101),
(900,	0,	'2017-10-11 13:41:00',	'13,42',	'13,41',	'1220',	101),
(901,	0,	'2017-10-11 14:23:00',	'14,23',	'14,23',	'1220',	101),
(902,	1,	'2018-01-17 13:29:00',	'',	'13,29',	'1230',	101),
(903,	1,	'2018-01-17 13:31:00',	'',	'13,31',	'1230',	101),
(904,	1,	'2018-01-17 13:32:00',	'',	'13,32',	'1230',	101),
(905,	0,	'2018-01-17 13:35:00',	'',	'13,35',	'1230',	101),
(906,	0,	'2018-01-17 13:35:00',	'',	'13,35',	'1230',	101),
(907,	0,	'2018-01-17 13:35:00',	'',	'13,35',	'1230',	101),
(908,	1,	'2018-01-24 14:21:00',	'',	'14,21',	'1210',	101),
(909,	1,	'2018-01-24 14:21:00',	'',	'14,21',	'1210',	101),
(910,	1,	'2018-01-24 15:56:00',	'',	'15,56',	'1210',	101),
(911,	1,	'2018-01-24 15:56:00',	'',	'15,56',	'1210',	101),
(912,	1,	'2018-01-24 15:56:00',	'',	'15,56',	'1210',	101),
(913,	1,	'2018-01-24 15:56:00',	'',	'15,56',	'1210',	101),
(914,	1,	'2018-01-24 15:56:00',	'',	'15,56',	'1210',	101),
(915,	1,	'2018-01-24 15:56:00',	'',	'15,56',	'1210',	101),
(916,	1,	'2018-01-24 15:56:00',	'',	'15,56',	'1210',	101),
(917,	1,	'2018-01-24 15:56:00',	'',	'15,56',	'1210',	101),
(918,	1,	'2018-01-24 15:56:00',	'',	'15,56',	'1210',	101),
(919,	1,	'2018-01-24 15:56:00',	'',	'15,56',	'1210',	101),
(920,	1,	'2018-01-24 16:22:00',	'',	'16,22',	'1210',	101),
(921,	1,	'2018-01-24 16:24:00',	'',	'16,24',	'1210',	101),
(922,	1,	'2018-01-24 15:56:00',	'',	'15,56',	'1210',	101),
(923,	1,	'2018-01-24 15:56:00',	'',	'15,56',	'1210',	101),
(924,	1,	'2018-01-24 15:56:00',	'',	'15,56',	'1210',	101),
(925,	1,	'2018-01-24 15:56:00',	'',	'15,56',	'1210',	101),
(926,	1,	'2018-01-24 15:56:00',	'',	'15,56',	'1210',	101),
(927,	1,	'2018-01-24 15:56:00',	'',	'15,56',	'1210',	101),
(928,	1,	'2018-01-24 16:22:00',	'',	'16,22',	'1210',	101),
(929,	0,	'2018-02-21 00:08:00',	'12,11',	'12,8',	'1210',	103),
(930,	0,	'2018-02-21 00:00:00',	'12,12',	'0,0',	'1210',	103),
(931,	0,	'2018-02-21 00:00:00',	'0,0',	'0,0',	'1210',	103),
(932,	0,	'2018-02-21 00:27:00',	'12,30',	'12,27',	'1210',	103),
(933,	0,	'2018-02-21 14:33:00',	'14,37',	'14,33',	'1210',	103),
(934,	0,	'2018-02-21 14:44:00',	'14,56',	'14,44',	'1210',	103),
(935,	0,	'2018-02-21 15:50:00',	'15,52',	'15,50',	'1210',	103),
(936,	0,	'2018-02-21 16:07:00',	'16,10',	'16,7',	'1210',	103),
(937,	0,	'2018-02-21 16:07:00',	'16,10',	'16,7',	'1210',	103),
(938,	0,	'2018-02-22 16:07:00',	'16,10',	'16,7',	'1210',	103),
(939,	0,	'2018-02-22 11:37:00',	'11,44',	'11,37',	'1210',	103),
(940,	0,	'2018-02-22 11:37:00',	'',	'11,37',	'1210',	103),
(941,	0,	'2018-02-22 00:03:00',	'12,4',	'12,3',	'1210',	103),
(942,	0,	'2018-02-22 00:03:00',	'',	'12,3',	'1210',	103),
(943,	0,	'2018-02-22 00:00:00',	'12,30',	'0,0',	'1210',	103),
(944,	0,	'2018-02-22 00:00:00',	'12,35',	'0,0',	'1210',	103),
(945,	0,	'2018-02-22 00:00:00',	'12,37',	'0,0',	'1210',	103),
(946,	0,	'2018-02-22 00:00:00',	'0,0',	'0,0',	'1210',	103),
(947,	0,	'2018-02-22 00:00:00',	'12,43',	'0,0',	'1210',	103),
(948,	0,	'2018-02-22 13:46:00',	'13,46',	'13,46',	'1210',	103),
(949,	0,	'2018-02-22 00:00:00',	'0,0',	'0,0',	'1210',	103),
(950,	0,	'2018-02-22 00:00:00',	'13,50',	'0,0',	'1210',	103),
(951,	0,	'2018-02-22 00:00:00',	'0,0',	'0,0',	'1210',	103),
(952,	1,	'2018-02-26 10:06:00',	'',	'10,6',	'1230',	101),
(953,	0,	'2018-02-26 10:08:00',	'',	'10,8',	'1230',	103),
(954,	0,	'2018-02-26 09:31:00',	'9,34',	'9,31',	'1220',	103),
(955,	0,	'2018-02-26 09:37:00',	'9,37',	'9,37',	'1220',	103),
(956,	0,	'2018-02-26 09:38:00',	'9,38',	'9,38',	'1220',	103),
(957,	0,	'2018-02-26 10:49:00',	'',	'10,49',	'1230',	103),
(958,	0,	'2018-02-26 11:22:00',	'',	'11,22',	'1230',	103),
(959,	1,	'2018-02-26 11:26:00',	'',	'11,26',	'1230',	103),
(960,	1,	'2018-02-26 11:28:00',	'',	'11,28',	'1230',	101),
(961,	0,	'2018-02-27 00:35:00',	'',	'12,35',	'1230',	103),
(962,	1,	'2018-02-27 00:34:00',	'',	'12,34',	'1230',	101);

DROP TABLE IF EXISTS `User`;
CREATE TABLE `User` (
  `EMAIL` varchar(255) NOT NULL,
  `ADMIN` tinyint(1) DEFAULT 0,
  `NOMBRE` varchar(255) NOT NULL,
  `PASSWORD` varchar(255) NOT NULL,
  `ROL` varchar(255) DEFAULT NULL,
  `TOKEN` varchar(255) DEFAULT NULL,
  PRIMARY KEY (`EMAIL`)
) ENGINE=InnoDB DEFAULT CHARSET=utf8mb3 COLLATE=utf8mb3_general_ci;

INSERT INTO `User` (`EMAIL`, `ADMIN`, `NOMBRE`, `PASSWORD`, `ROL`, `TOKEN`) VALUES
('isa@gmail.com',	1,	'isa',	'isa',	'ADMIN',	'2176E100-1318-4B6F-AFB5-F435184B8152|isa@gmail.com|1519732810955'),
('jose@mail.com',	0,	'jose',	'jose',	'',	NULL),
('mantenimiento@gmail.com',	0,	'mantenimiento',	'mantenimiento',	'JMANTENIMIENTO',	'4BD59EDB-DC7D-472E-8212-929839CCA3B8|mantenimiento@gmail.com|1519638468984'),
('mario@mail.com',	0,	'mario',	'mario',	'JPRODUCCION',	'FBEE7725-875C-4365-A4D3-7C2230164110|mario@mail.com|1500460659489'),
('prevencion@gmail.com',	0,	'prevencion',	'prevencion',	'JPREVENCION',	'04E66A29-56BE-4B09-9815-8E4F4B6906F5|prevencion@gmail.com|1519733745737'),
('produccion@gmail.com',	0,	'produccion',	'produccion',	'JPRODUCCION',	'CFF73528-C250-4AF4-B20B-52582E393C96|produccion@gmail.com|1519733829960'),
('upct@mail.com',	0,	'upct',	'upct',	'ADMIN',	'D50935AF-6C08-4950-BCEA-3C6405888DFD|upct@mail.com|1519730671812');

DROP TABLE IF EXISTS `ValoresProduccion`;
CREATE TABLE `ValoresProduccion` (
  `ID` int(11) NOT NULL AUTO_INCREMENT,
  `FECHA` datetime DEFAULT NULL,
  `valueA` double DEFAULT 0,
  `valueB` double DEFAULT 0,
  `valueC` double DEFAULT 0,
  `valueD` double DEFAULT 0,
  `valueE` double DEFAULT 0,
  `valueF` double DEFAULT 0,
  `EQUIPO_NUMSERIE` varchar(255) DEFAULT NULL,
  PRIMARY KEY (`ID`),
  UNIQUE KEY `UNQ_ValoresProduccion_0` (`FECHA`,`EQUIPO_NUMSERIE`),
  KEY `FK_ValoresProduccion_EQUIPO_NUMSERIE` (`EQUIPO_NUMSERIE`),
  CONSTRAINT `FK_ValoresProduccion_EQUIPO_NUMSERIE` FOREIGN KEY (`EQUIPO_NUMSERIE`) REFERENCES `Equipo` (`NUMSERIE`)
) ENGINE=InnoDB DEFAULT CHARSET=utf8mb3 COLLATE=utf8mb3_general_ci;

INSERT INTO `ValoresProduccion` (`ID`, `FECHA`, `valueA`, `valueB`, `valueC`, `valueD`, `valueE`, `valueF`, `EQUIPO_NUMSERIE`) VALUES
(1,	'2017-10-02 00:00:00',	0,	40,	0,	10,	10,	0,	'2342ewdfw'),
(2,	'2017-07-08 00:00:00',	2,	20,	2,	5,	5,	2,	'2342ewdfw'),
(3,	'2017-07-08 00:00:00',	9,	20,	3,	5,	5,	3,	'1220'),
(4,	'2017-07-09 00:00:00',	0,	13,	0,	8,	9,	0,	'2342ewdfw'),
(5,	'2017-07-10 00:00:00',	0,	93,	0,	13,	5,	0,	'2342ewdfw'),
(6,	'2017-07-11 00:00:00',	0,	55,	0,	3,	5,	0,	'2342ewdfw'),
(7,	'2017-07-26 00:00:00',	12,	10,	1000,	800,	800,	700,	'1220'),
(8,	'2017-07-28 00:00:00',	0,	120,	0,	30,	30,	0,	'1210'),
(9,	'2017-07-31 00:00:00',	10,	60,	200,	15,	15,	12,	'1210'),
(10,	'2017-08-07 00:00:00',	0,	520,	0,	130,	130,	0,	'1210'),
(11,	'2017-08-11 00:00:00',	4,	120,	4,	30,	30,	3,	'1210'),
(12,	'2018-02-21 00:00:00',	0,	32,	0,	0,	0,	0,	'1210'),
(13,	'2018-02-22 00:00:00',	0,	13,	0,	0,	0,	0,	'1210');

-- 2025-03-13 11:08:54
